Date,Bullish,Bearish,,
25/04/2015,2.57,0.08,,https://www.quandl.com/data/PS1?keyword=Bank%20of%20America
24/04/2015,2.463333,1.618571,,
23/04/2015,1.474,1.612857,,
22/04/2015,1.45,1.32,,
21/04/2015,1.700909,0.911667,,
20/04/2015,2.09,1.335,,
19/04/2015,1.715,0,,
18/04/2015,1.9075,2.125,,
17/04/2015,1.909259,1.731111,,
16/04/2015,1.991132,1.569,,
15/04/2015,1.655844,1.7736,,
14/04/2015,1.910909,1.8925,,
13/04/2015,2.036667,0.785,,
12/04/2015,2.02,0.6075,,
10/04/2015,1.749412,1.563333,,
09/04/2015,1.693684,1.1525,,
08/04/2015,1.738649,1.7,,
07/04/2015,1.602273,2.140833,,
06/04/2015,1.635333,2.34875,,
05/04/2015,1.0925,0,,
04/04/2015,0,2.015,,
03/04/2015,2.635,0.3,,
02/04/2015,2.003636,1.698,,
01/04/2015,1.8428,1.674286,,
31/03/2015,1.739333,1.75,,
30/03/2015,1.828947,1.205,,
29/03/2015,0,1.056667,,
28/03/2015,2.04,0,,
27/03/2015,1.700455,2.335,,
26/03/2015,1.717143,1.806667,,
25/03/2015,1.7176,1.912,,
24/03/2015,1.251,2.233636,,
23/03/2015,1.343214,1.74,,
22/03/2015,1.77,0,,
21/03/2015,1.302,0,,
20/03/2015,1.508085,1.880833,,
19/03/2015,1.711667,1.768108,,
18/03/2015,1.563333,2.258824,,
17/03/2015,2.050909,1.935333,,
16/03/2015,1.596667,1.424545,,
15/03/2015,1.646667,1.976667,,
13/03/2015,1.71,1.685,,
12/03/2015,1.788929,1.7105,,
11/03/2015,1.717196,1.895319,,
10/03/2015,1.412632,2.102727,,
09/03/2015,1.7952,1.65,,
08/03/2015,2.01,1.65,,
07/03/2015,2.7,0,,
06/03/2015,1.756308,1.827097,,
05/03/2015,1.874462,1.957273,,
04/03/2015,1.901818,1.2425,,
03/03/2015,2.264667,1.283333,,
02/03/2015,1.842609,2.3275,,
01/03/2015,2,1.005,,
28/02/2015,2.3,2.663333,,
27/02/2015,1.917586,1.269545,,
24/02/2015,1.707,1.8475,,
23/02/2015,1.730769,1.491667,,
22/02/2015,2.5,0.37,,
20/02/2015,1.714444,0.48,,
17/02/2015,1.613913,1.42,,
16/02/2015,2.29,2.43,,
15/02/2015,1.89,1.416667,,
14/02/2015,2.42,0,,
13/02/2015,2.093125,2.168571,,
10/02/2015,1.702105,0.7,,
09/02/2015,1.606923,1.84875,,
08/02/2015,2.12,1.405,,
07/02/2015,2.298333,3.15,,
06/02/2015,1.7788,1.8456,,
03/02/2015,1.818966,1.538889,,
02/02/2015,2.017143,2.236923,,
01/02/2015,1.533333,1.395,,
31/01/2015,2.486667,2.03,,
30/01/2015,1.711765,2.040556,,
27/01/2015,1.905294,1.68,,
26/01/2015,1.296667,1.80875,,
25/01/2015,0,1.076667,,
24/01/2015,1.392,0.78,,
23/01/2015,1.668125,1.316364,,
20/01/2015,1.990333,1.568462,,
19/01/2015,1.555,1.955,,
18/01/2015,0,0.8,,
16/01/2015,1.7225,1.495714,,
13/01/2015,1.6752,2.043182,,
12/01/2015,1.606111,2.073333,,
11/01/2015,1.99,1.333333,,
10/01/2015,2.02,2.755,,
09/01/2015,1.477917,1.8025,,
06/01/2015,1.742286,1.673913,,
04/01/2015,2.06,0,,
03/01/2015,0.56,0,,
02/01/2015,1.874,2.061429,,
30/12/2014,1.503636,1.791667,,
29/12/2014,1.962105,1.6175,,
28/12/2014,2.5,0,,
27/12/2014,2.08,2.7,,
26/12/2014,1.585455,1.57,,
23/12/2014,1.420185,0.271111,,
22/12/2014,1.543158,0.214211,,
21/12/2014,2.275,0,,
20/12/2014,0.884,0.512,,
19/12/2014,1.483043,0.273043,,
16/12/2014,1.136512,0.678372,,
15/12/2014,1.207241,0.527586,,
13/12/2014,1.192,0.456,,
12/12/2014,0.953333,0.61037,,
09/12/2014,1.344462,0.389538,,
08/12/2014,1.388235,0.445,,
07/12/2014,1.231111,0.444444,,
06/12/2014,2.49,0,,
02/12/2014,1.264583,0.230417,,
01/12/2014,1.633478,0.281304,,
29/11/2014,2.2,0,,
28/11/2014,0.583333,1.081667,,
25/11/2014,0.506667,1.081333,,
24/11/2014,1.565,0.4325,,
23/11/2014,1.056,0.444,,
22/11/2014,0.83,0,,
21/11/2014,1.098235,0.417647,,
18/11/2014,1.525769,0.307308,,
17/11/2014,1.0572,0.5104,,
16/11/2014,1.11,0,,
15/11/2014,1.9,0,,
14/11/2014,0.920741,0.853333,,
11/11/2014,1.259615,0.707308,,
10/11/2014,1.359643,0.365,,
08/11/2014,0.85,1,,
07/11/2014,1.606154,0.100385,,
04/11/2014,1.43875,0.213438,,
03/11/2014,1.382083,0.389167,,
02/11/2014,1.578889,0.162222,,
01/11/2014,0,2.58,,
31/10/2014,0.867586,0.721034,,
28/10/2014,1.796923,0.003846,,
27/10/2014,0.717692,0.501538,,
26/10/2014,1.026667,0.553333,,
25/10/2014,1.195,0.445,,
24/10/2014,0.969063,0.57,,
21/10/2014,1.58,0.153103,,
20/10/2014,1.458,0.4655,,
19/10/2014,2.33,0,,
18/10/2014,0.7225,1.7725,,
17/10/2014,1.108485,0.524242,,
16/10/2014,1.133171,0.562439,,
15/10/2014,1.213585,0.706132,,
14/10/2014,1.328387,0.307742,,
12/10/2014,0.967143,0.357143,,
11/10/2014,1.38,0.266667,,
10/10/2014,1.0784,0.3492,,
09/10/2014,0.999038,0.677308,,
08/10/2014,1.229535,0.464884,,
07/10/2014,1.082174,0.523913,,
06/10/2014,1.597222,0.376667,,
05/10/2014,2.223333,0,,
04/10/2014,1.367143,0.484286,,
03/10/2014,1.357568,0.382703,,
02/10/2014,1.570714,0.24,,
01/10/2014,1.098571,0.651071,,
30/09/2014,1.516842,0.515789,,
29/09/2014,1.051,0.492,,
28/09/2014,0.733333,1,,
27/09/2014,1.691429,0.265714,,
24/09/2014,1.285294,0.50451,,
23/09/2014,1.351613,0.323226,,
22/09/2014,1.417368,0.58,,
20/09/2014,1.37375,0.16875,,
19/09/2014,0.805909,0.918636,,
18/09/2014,1.310682,0.507727,,
17/09/2014,1.106667,0.714444,,
16/09/2014,1.505,0.5325,,
15/09/2014,1.444706,0.428235,,
14/09/2014,1.676667,0,,
13/09/2014,1.21,0.121667,,
12/09/2014,1.489189,0.414054,,
11/09/2014,1.699444,0.200556,,
10/09/2014,1.303158,0.381053,,
09/09/2014,0.838846,1.059615,,
08/09/2014,1.530698,0.401163,,
07/09/2014,1.45,0,,
06/09/2014,1.126667,0.9,,
05/09/2014,1.329333,0.714,,
04/09/2014,1.565833,0.215833,,
03/09/2014,0.968824,0.687647,,
02/09/2014,1.327368,0.247368,,
31/08/2014,1.8,0,,
30/08/2014,1.5025,0.9175,,
29/08/2014,1.696,0.166667,,
28/08/2014,1.065455,0.745909,,
27/08/2014,1.058235,0.732941,,
26/08/2014,1.261304,0.74087,,
25/08/2014,1.345111,0.49,,
24/08/2014,2.31,0,,
23/08/2014,1.39,0.333333,,
22/08/2014,1.4338,0.3782,,
21/08/2014,1.448148,0.379722,,
20/08/2014,1.5025,0.16125,,
19/08/2014,1.602381,0.411905,,
18/08/2014,0.9825,0.270625,,
17/08/2014,0.828,1.004,,
16/08/2014,2.44,0,,
15/08/2014,1.396,0.457,,
14/08/2014,1.721429,0.405,,
13/08/2014,0.861818,0.847273,,
11/08/2014,1.255,0.235,,
09/08/2014,0,3,,
08/08/2014,1.461429,0,,
07/08/2014,1.223448,0.625862,,
06/08/2014,1.18098,0.592157,,
05/08/2014,1.586667,0.210556,,
04/08/2014,0.4925,0.8875,,
03/08/2014,0,1.3725,,
02/08/2014,1.542,0.58,,
31/07/2014,1.12,0.942222,,
29/07/2014,1.397778,0.501111,,
25/07/2014,1.110833,0.505,,
24/07/2014,1.135455,0.367273,,
23/07/2014,0.54,0.5,,
22/07/2014,1.053077,0.576154,,
21/07/2014,1.4472,0.318,,
20/07/2014,0.971429,0.254286,,
19/07/2014,1.93,0,,
15/07/2014,1.28775,0.4755,,
14/07/2014,1.178095,0.834762,,
13/07/2014,0.75,1.15,,
12/07/2014,1.9575,0,,
11/07/2014,1.078571,0.321429,,
10/07/2014,1.368889,0.643333,,
09/07/2014,0.757857,0.868571,,
08/07/2014,1.091429,0.942857,,
07/07/2014,1.318667,0.448667,,
06/07/2014,1.626667,0.9,,
05/07/2014,0,2.7,,
04/07/2014,0,2.08,,
03/07/2014,1.53,0.38,,
02/07/2014,1.54,0.26,,
01/07/2014,1.37,0.28,,
30/06/2014,1.11,0.45,,
29/06/2014,0.64,1.2,,
28/06/2014,1.56,0,,
27/06/2014,1.7,0,,
26/06/2014,0.98,0.66,,
25/06/2014,1.38,0.54,,
24/06/2014,1.23,0.29,,
23/06/2014,1.28,0.58,,
22/06/2014,2.33,0,,
20/06/2014,1.1,0.49,,
19/06/2014,1.22,0.32,,
18/06/2014,1.29,0.38,,
17/06/2014,1.37,0.35,,
16/06/2014,0.67,1.14,,
15/06/2014,1.37,0,,
13/06/2014,1.44,0.48,,
12/06/2014,1.1,0.77,,
11/06/2014,0.85,0.62,,
10/06/2014,1.56,0.34,,
09/06/2014,1.45,0.21,,
08/06/2014,1.59,0.13,,
07/06/2014,0.85,0.63,,
06/06/2014,1.39,0.55,,
05/06/2014,1.2,0.63,,
04/06/2014,1.33,0.34,,
03/06/2014,1.78,0.34,,
02/06/2014,1.03,0.46,,
01/06/2014,1.16,0.2,,
31/05/2014,0.65,0.43,,
30/05/2014,1.39,0.6,,
29/05/2014,0.89,1.04,,
28/05/2014,0.98,0.68,,
27/05/2014,1.3,0.34,,
26/05/2014,1.75,0,,
25/05/2014,1.35,0,,
24/05/2014,0,0.2,,
23/05/2014,1.14,0.44,,
22/05/2014,1.15,0.58,,
21/05/2014,1.29,0.52,,
20/05/2014,0.71,0.42,,
19/05/2014,1.31,0.64,,
18/05/2014,1.67,0.62,,
17/05/2014,0.45,1.53,,
16/05/2014,0.75,0.95,,
15/05/2014,0.93,0.86,,
14/05/2014,0.64,1.29,,
13/05/2014,1.09,0.54,,
12/05/2014,1.34,0.38,,
11/05/2014,1.07,0.14,,
10/05/2014,0.65,0.55,,
09/05/2014,0.71,0.96,,
08/05/2014,1.43,0.44,,
07/05/2014,1.21,0.65,,
06/05/2014,1.01,1.05,,
05/05/2014,0.92,0.86,,
04/05/2014,1.44,0.54,,
03/05/2014,0.76,0.5,,
02/05/2014,0.95,0.74,,
01/05/2014,1.21,0.58,,
30/04/2014,0.87,0.71,,
29/04/2014,0.84,0.97,,
28/04/2014,0.88,0.95,,
27/04/2014,0.65,0.51,,
26/04/2014,0.63,0.2,,
25/04/2014,0.72,0.81,,
24/04/2014,1.36,0.57,,
23/04/2014,1.41,0.25,,
22/04/2014,1.15,0.54,,
21/04/2014,1.11,0.75,,
20/04/2014,0.54,0,,
19/04/2014,1.46,0.73,,
18/04/2014,2.12,0,,
17/04/2014,0.89,0.73,,
16/04/2014,1.08,0.88,,
15/04/2014,0.89,0.83,,
14/04/2014,0.98,0.71,,
13/04/2014,1.16,0.66,,
12/04/2014,1.04,0.51,,
11/04/2014,1.02,0.96,,
10/04/2014,1.01,0.65,,
09/04/2014,1.5,0.38,,
08/04/2014,1.16,0.4,,
07/04/2014,0.87,0.73,,
06/04/2014,1.01,0,,
05/04/2014,1.56,0.6,,
04/04/2014,0.99,0.7,,
03/04/2014,0.89,0.87,,
02/04/2014,1.21,0.38,,
01/04/2014,1.33,0.17,,
31/03/2014,1.41,0.41,,
30/03/2014,1.38,0.78,,
29/03/2014,1.14,0.69,,
28/03/2014,1.02,0.65,,
27/03/2014,1.25,0.52,,
26/03/2014,1.4,0.39,,
25/03/2014,1.26,0.57,,
24/03/2014,1.18,0.4,,
23/03/2014,2.85,0,,
22/03/2014,0.97,0.5,,
21/03/2014,1.11,0.6,,
20/03/2014,1.47,0.47,,
19/03/2014,1.39,0.33,,
18/03/2014,1.24,0.5,,
17/03/2014,1.13,0.71,,
16/03/2014,1.74,0.27,,
15/03/2014,0.43,0.67,,
14/03/2014,0.91,1,,
13/03/2014,1.38,0.55,,
12/03/2014,1.05,0.42,,
11/03/2014,1.19,0.6,,
10/03/2014,1.49,0.31,,
09/03/2014,1.76,0,,
08/03/2014,2.42,0,,
07/03/2014,1.09,0.65,,
06/03/2014,1.39,0.31,,
05/03/2014,1.51,0.36,,
04/03/2014,1.54,0.27,,
03/03/2014,1.16,0.66,,
02/03/2014,1.41,0.28,,
01/03/2014,1.35,0.22,,
28/02/2014,1.35,0.55,,
27/02/2014,1.18,0.63,,
26/02/2014,1.03,0.7,,
25/02/2014,1.33,0.27,,
24/02/2014,1.14,0.6,,
23/02/2014,1.74,0,,
22/02/2014,1.98,0,,
21/02/2014,1.6,0.22,,
20/02/2014,1.1,0.66,,
19/02/2014,0.92,0.61,,
18/02/2014,0.96,0.8,,
17/02/2014,1,0.26,,
16/02/2014,2.28,0,,
15/02/2014,0.93,0.07,,
14/02/2014,1.24,0.58,,
13/02/2014,0.82,0.95,,
12/02/2014,1.36,0.64,,
11/02/2014,1.27,0.36,,
10/02/2014,1.25,0.39,,
09/02/2014,0.68,0.67,,
08/02/2014,1.3,0.03,,
07/02/2014,1.16,0.51,,
06/02/2014,1.19,0.62,,
05/02/2014,1.15,0.3,,
04/02/2014,0.96,0.56,,
03/02/2014,1.08,0.91,,
02/02/2014,0.78,1.05,,
01/02/2014,0.44,1.31,,
31/01/2014,1.27,0.5,,
30/01/2014,1.12,0.44,,
29/01/2014,1.2,0.71,,
28/01/2014,1.34,0.42,,
27/01/2014,1.12,0.59,,
26/01/2014,1.37,0.24,,
25/01/2014,1.36,0.17,,
24/01/2014,1.06,0.63,,
23/01/2014,0.94,0.98,,
22/01/2014,1.58,0.53,,
21/01/2014,1,0.72,,
20/01/2014,1.23,0.35,,
19/01/2014,0.71,1.21,,
18/01/2014,1.41,0.09,,
17/01/2014,0.9,0.67,,
16/01/2014,1.39,0.64,,
15/01/2014,1.38,0.52,,
14/01/2014,1.22,0.56,,
13/01/2014,1.12,0.65,,
12/01/2014,1.43,0.17,,
11/01/2014,1.38,0.37,,
10/01/2014,1.32,0.3,,
09/01/2014,1.51,0.52,,
08/01/2014,0.99,0.47,,
07/01/2014,1.16,0.59,,
06/01/2014,1.28,0.24,,
05/01/2014,1.04,0.7,,
04/01/2014,1.63,0.19,,
03/01/2014,1.92,0.12,,
02/01/2014,1.65,0.28,,
01/01/2014,2.22,0,,
31/12/2013,3,0,,
30/12/2013,0.15,0.97,,
29/12/2013,2.17,0,,
28/12/2013,1.54,0.05,,
27/12/2013,1.62,0.46,,
26/12/2013,1.11,1.19,,
25/12/2013,1.52,0.15,,
24/12/2013,1.52,0.46,,
23/12/2013,1.24,0.98,,
22/12/2013,0.93,0.04,,
21/12/2013,1.94,0,,
20/12/2013,1.12,0.43,,
19/12/2013,1.17,0.5,,
18/12/2013,1.4,0.27,,
17/12/2013,1.47,0.18,,
16/12/2013,1.63,0.26,,
15/12/2013,1.15,0.57,,
14/12/2013,1.65,0,,
13/12/2013,1.21,0.58,,
12/12/2013,1.15,0.47,,
11/12/2013,1.28,0.74,,
10/12/2013,1.16,0.68,,
09/12/2013,1.21,0.44,,
08/12/2013,1.17,0.12,,
07/12/2013,1.66,0.59,,
06/12/2013,0.97,0.7,,
05/12/2013,1.02,0.7,,
04/12/2013,1.24,0.53,,
03/12/2013,0.9,0.83,,
02/12/2013,1.43,0.72,,
01/12/2013,1.7,0.43,,
30/11/2013,1.46,0.39,,
29/11/2013,1.69,0.21,,
28/11/2013,1.11,0.34,,
27/11/2013,0.89,0.74,,
26/11/2013,1.12,0.37,,
25/11/2013,1.2,0.6,,
24/11/2013,1.91,0,,
23/11/2013,1.51,0.23,,
22/11/2013,1.34,0.46,,
21/11/2013,1.22,0.62,,
20/11/2013,1.5,0.3,,
19/11/2013,1.51,0.32,,
18/11/2013,1.41,0.55,,
17/11/2013,1.61,0.39,,
16/11/2013,1.56,0.1,,
15/11/2013,1.49,0.21,,
14/11/2013,1.45,0.3,,
13/11/2013,1.16,0.61,,
12/11/2013,0.93,0.71,,
11/11/2013,1.45,0.41,,
10/11/2013,1.67,0.1,,
09/11/2013,2.3,0,,
08/11/2013,1.38,0.4,,
07/11/2013,0.97,0.91,,
06/11/2013,1.13,0.54,,
05/11/2013,0.62,1.3,,
04/11/2013,1.04,0.48,,
03/11/2013,1.15,0.24,,
02/11/2013,0.85,1.01,,
01/11/2013,1.04,0.59,,
31/10/2013,1.27,0.73,,
30/10/2013,1.26,0.54,,
29/10/2013,0.9,0.83,,
28/10/2013,1.15,0.62,,
27/10/2013,1.67,0.25,,
26/10/2013,0.76,0.9,,
25/10/2013,1.42,0.5,,
24/10/2013,1.24,0.57,,
23/10/2013,1.3,0.54,,
22/10/2013,1.03,0.38,,
21/10/2013,1.06,0.42,,
20/10/2013,0.38,0.47,,
19/10/2013,1.84,0.33,,
18/10/2013,1.4,0.29,,
17/10/2013,1.08,0.81,,
16/10/2013,1.43,0.65,,
15/10/2013,1.38,0.39,,
14/10/2013,1.63,0.33,,
13/10/2013,1.41,0.08,,
12/10/2013,1.48,0.16,,
11/10/2013,1.27,0.69,,
10/10/2013,1.29,0.64,,
09/10/2013,0.85,0.74,,
08/10/2013,0.73,1.1,,
07/10/2013,0.76,0.64,,
06/10/2013,0.24,0.24,,
04/10/2013,1.36,0.33,,
03/10/2013,1.32,0.6,,
02/10/2013,1.1,0.45,,
01/10/2013,1.13,0.28,,
30/09/2013,0.97,0.62,,
29/09/2013,1.37,0.59,,
28/09/2013,0.44,1.36,,
27/09/2013,1.03,0.57,,
26/09/2013,0.8,0.65,,
25/09/2013,1.06,0.64,,
24/09/2013,1.17,0.54,,
23/09/2013,0.75,0.86,,
22/09/2013,0.96,0.79,,
21/09/2013,1.78,0,,
20/09/2013,1.13,0.5,,
19/09/2013,1.15,0.38,,
18/09/2013,1.33,0.64,,
17/09/2013,1.03,0.59,,
16/09/2013,1.26,0.5,,
15/09/2013,1.29,0.5,,
14/09/2013,1.26,0,,
13/09/2013,0.93,0.71,,
12/09/2013,1,0.87,,
11/09/2013,1.15,0.5,,
10/09/2013,1.34,0.39,,
09/09/2013,1.56,0.31,,
08/09/2013,1.45,0,,
07/09/2013,2.77,0,,
06/09/2013,0.99,0.46,,
05/09/2013,1.54,0.49,,
04/09/2013,1.53,0.41,,
03/09/2013,1.57,0.78,,
02/09/2013,1.29,0.2,,
01/09/2013,1.6,0,,
31/08/2013,1.34,0.69,,
30/08/2013,0.94,0.62,,
29/08/2013,1.11,0.55,,
28/08/2013,1.13,0.56,,
27/08/2013,1.05,0.65,,
26/08/2013,1.29,0.66,,
25/08/2013,1.58,0.27,,
24/08/2013,0.45,1.15,,
23/08/2013,1.07,0.83,,
22/08/2013,1.39,0.52,,
21/08/2013,1.29,0.53,,
20/08/2013,1.22,0.65,,
19/08/2013,0.88,0.78,,
18/08/2013,1.09,0.66,,
17/08/2013,0.46,1.52,,
16/08/2013,0.94,0.75,,
15/08/2013,0.97,0.58,,
14/08/2013,1.03,0.63,,
13/08/2013,1.51,0.4,,
12/08/2013,0.96,0.73,,
11/08/2013,1.06,0.62,,
10/08/2013,0.09,0.96,,
09/08/2013,1.44,0.61,,
08/08/2013,0.9,0.9,,
07/08/2013,1.05,0.78,,
06/08/2013,0.57,1.23,,
05/08/2013,0.65,0.74,,
04/08/2013,1.48,0.5,,
03/08/2013,1.47,0.19,,
02/08/2013,1.23,0.49,,
01/08/2013,1.14,0.65,,
31/07/2013,1.2,0.7,,
30/07/2013,0.74,0.97,,
29/07/2013,0.67,1.03,,
28/07/2013,1.11,0.84,,
27/07/2013,1.18,0.75,,
26/07/2013,1.01,0.71,,
25/07/2013,1.19,0.38,,
24/07/2013,1.14,0.74,,
23/07/2013,0.96,0.64,,
22/07/2013,1.16,0.67,,
21/07/2013,0.11,0.58,,
20/07/2013,1.18,0.48,,
19/07/2013,1.55,0.36,,
18/07/2013,1.35,0.55,,
16/07/2013,0.99,0.68,,
15/07/2013,1.38,0.4,,
14/07/2013,1.69,0.06,,
13/07/2013,1.28,0,,
12/07/2013,1.32,0.36,,
11/07/2013,1.7,0.37,,
10/07/2013,1.44,0.25,,
09/07/2013,1.61,0.14,,
08/07/2013,1.34,0.47,,
07/07/2013,1.93,0.43,,
06/07/2013,1.61,0.09,,
05/07/2013,1.01,0.39,,
04/07/2013,0.75,1.21,,
03/07/2013,1.07,0.49,,
02/07/2013,0.69,1.4,,
01/07/2013,1.52,0.43,,
30/06/2013,1.39,0.7,,
29/06/2013,0,1.87,,
28/06/2013,1.07,0.56,,
27/06/2013,0.9,0.8,,
26/06/2013,1.03,0.66,,
25/06/2013,1.13,0.44,,
24/06/2013,0.81,0.75,,
23/06/2013,0.18,1.06,,
22/06/2013,0.37,0.08,,
21/06/2013,0.97,0.81,,
20/06/2013,1.33,0.74,,
19/06/2013,1.22,0.56,,
18/06/2013,1.08,1.07,,
17/06/2013,1.06,0.62,,
16/06/2013,2.21,0,,
15/06/2013,0.82,0.95,,
14/06/2013,1.13,0.98,,
13/06/2013,1.27,0.57,,
12/06/2013,1.23,0.5,,
11/06/2013,1.39,0.35,,
10/06/2013,0.97,0.56,,
09/06/2013,0,2.25,,
08/06/2013,0.98,0,,
07/06/2013,1.16,0.53,,
06/06/2013,1.3,0.6,,
05/06/2013,1.22,0.68,,
04/06/2013,0.54,0.87,,
03/06/2013,1,0.74,,
02/06/2013,0,2.89,,
01/06/2013,1.06,0.63,,
31/05/2013,1.06,0.63,,
30/05/2013,1.48,0.58,,
29/05/2013,1.05,0.43,,
28/05/2013,1.2,0.43,,
27/05/2013,1.44,0,,
26/05/2013,1.48,0.52,,
25/05/2013,0,1.72,,
24/05/2013,1.37,0.42,,
23/05/2013,1.24,0.46,,
22/05/2013,1.31,0.41,,
21/05/2013,1.09,0.55,,
20/05/2013,1.17,0.6,,
19/05/2013,1.15,1.34,,
18/05/2013,1.62,0,,
17/05/2013,1.27,0.44,,
16/05/2013,1.36,0.47,,
15/05/2013,1.19,0.59,,
14/05/2013,1.34,0.35,,
13/05/2013,1.14,0.41,,
12/05/2013,0,1.57,,
11/05/2013,0.84,0.87,,
10/05/2013,1,0.46,,
09/05/2013,0.86,0.81,,
08/05/2013,1.37,0.4,,
07/05/2013,1.2,0.64,,
06/05/2013,1.36,0.49,,
05/05/2013,0.28,0.72,,
04/05/2013,2.61,0,,
03/05/2013,1.06,0.37,,
02/05/2013,1.35,0.29,,
01/05/2013,0.9,0.62,,
30/04/2013,1.04,0.65,,
29/04/2013,1.14,0.55,,
28/04/2013,1.26,0,,
27/04/2013,0.75,0,,
26/04/2013,0.44,0.98,,
25/04/2013,0.97,0.67,,
24/04/2013,1.01,0.65,,
23/04/2013,1.37,0.6,,
22/04/2013,1.06,0.62,,
21/04/2013,0,2,,
20/04/2013,0.69,0.75,,
19/04/2013,1.19,0.23,,
18/04/2013,1.11,0.75,,
17/04/2013,1.09,0.84,,
16/04/2013,1.12,0.87,,
15/04/2013,1.12,0.95,,
14/04/2013,1.63,0,,
13/04/2013,2,0,,
12/04/2013,1.15,0.28,,
11/04/2013,1.29,0.39,,
10/04/2013,1.23,0.62,,
09/04/2013,1.03,0.31,,
08/04/2013,1.3,0.5,,
07/04/2013,0.67,1.39,,
06/04/2013,0.71,0.65,,
05/04/2013,1.07,0.76,,
04/04/2013,1.35,0.44,,
03/04/2013,1.11,0.88,,
02/04/2013,1.41,0.42,,
01/04/2013,0.82,0.62,,
31/03/2013,1.28,0.48,,
30/03/2013,1.53,0,,
29/03/2013,2.05,0,,
28/03/2013,0.9,0.85,,
27/03/2013,1.13,0.6,,
26/03/2013,0.96,0.55,,
25/03/2013,1.21,0.75,,
24/03/2013,2.11,0,,
23/03/2013,1.39,0.57,,
22/03/2013,1.38,0.33,,
21/03/2013,0.95,0.58,,
20/03/2013,1.19,0.56,,
19/03/2013,1.23,0.46,,
18/03/2013,1.33,0.47,,
17/03/2013,0.81,0.77,,
16/03/2013,0.59,0.33,,
15/03/2013,1.54,0.45,,
14/03/2013,1.09,0.63,,
13/03/2013,1.26,0.42,,
12/03/2013,0.98,0.6,,
11/03/2013,1.53,0.23,,
10/03/2013,1.51,0.67,,
09/03/2013,1.11,0.69,,
08/03/2013,1.4,0.69,,
07/03/2013,1.46,0.44,,
06/03/2013,1.56,0.42,,
05/03/2013,1.15,0.68,,
04/03/2013,1.22,0.52,,
03/03/2013,0.71,1.34,,
02/03/2013,1.46,0,,
01/03/2013,1.16,0.65,,
28/02/2013,1.11,0.88,,
27/02/2013,1.62,0.25,,
26/02/2013,1.06,0.68,,
25/02/2013,1.16,0.58,,
24/02/2013,1.29,1.18,,
23/02/2013,1.01,0.48,,
22/02/2013,1.22,0.7,,
21/02/2013,1.11,0.62,,
20/02/2013,1.02,0.71,,
19/02/2013,1.37,0.62,,
18/02/2013,0.92,0.94,,
17/02/2013,2.21,0,,
16/02/2013,0.31,0.7,,
15/02/2013,0.88,1.03,,
14/02/2013,1.32,0.53,,
13/02/2013,1.27,0.5,,
12/02/2013,1.22,0.57,,
11/02/2013,1.46,0.37,,
10/02/2013,0.89,0.57,,
09/02/2013,0.45,1.41,,
08/02/2013,1.06,0.35,,
07/02/2013,1.27,0.44,,
06/02/2013,1.32,0.48,,
05/02/2013,1.5,0.35,,
04/02/2013,1.33,0.48,,
03/02/2013,1.38,0.33,,
02/02/2013,1.52,0.35,,
01/02/2013,1.06,0.65,,
31/01/2013,1.08,0.4,,
30/01/2013,1.13,0.5,,
29/01/2013,1.3,0.34,,
28/01/2013,1.63,0.34,,
27/01/2013,1.5,0,,
26/01/2013,0.91,0.82,,
25/01/2013,1.33,0.44,,
24/01/2013,1.27,0.68,,
23/01/2013,1.17,0.59,,
22/01/2013,1.6,0.33,,
21/01/2013,0.59,0.88,,
20/01/2013,0.43,0.46,,
19/01/2013,1.82,0.33,,
18/01/2013,0.81,0.79,,
17/01/2013,1.18,0.66,,
16/01/2013,1.14,0.46,,
15/01/2013,1.24,0.42,,
14/01/2013,0.89,0.91,,
13/01/2013,1.73,0.11,,
12/01/2013,1.36,0.22,,
11/01/2013,1.21,0.5,,
10/01/2013,1.29,0.77,,
09/01/2013,1.08,0.79,,
08/01/2013,1.12,0.81,,
07/01/2013,1.42,0.52,,
06/01/2013,1.82,0.21,,
05/01/2013,1.48,0.8,,
04/01/2013,1.4,0.58,,
03/01/2013,1.55,0.35,,
02/01/2013,1.38,0.4,,
01/01/2013,1.59,0.17,,
31/12/2012,1.66,0.43,,
30/12/2012,1.16,0.47,,
29/12/2012,1.66,0.12,,
28/12/2012,1.3,0.8,,
27/12/2012,1.4,0.35,,
26/12/2012,1.53,0.5,,
25/12/2012,1.57,0,,
24/12/2012,1.29,0.36,,
23/12/2012,0.41,0.24,,
22/12/2012,1.15,0.67,,
21/12/2012,1.1,0.61,,
20/12/2012,1.04,0.84,,
19/12/2012,1.22,0.55,,
18/12/2012,1.63,0.3,,
17/12/2012,1.68,0.25,,
16/12/2012,2.16,0,,
15/12/2012,2.34,0,,
14/12/2012,1.24,0.26,,
13/12/2012,1.14,0.78,,
12/12/2012,1.34,0.32,,
11/12/2012,1.2,0.45,,
10/12/2012,1.65,0.24,,
09/12/2012,1.18,0,,
08/12/2012,1.57,0.5,,
07/12/2012,1.25,0.4,,
06/12/2012,1.15,0.54,,
05/12/2012,1.43,0.54,,
04/12/2012,1.2,0.44,,
03/12/2012,1.19,0.6,,
02/12/2012,1.88,0,,
01/12/2012,1.63,0.25,,
30/11/2012,1.59,0.46,,
29/11/2012,1.27,0.44,,
28/11/2012,0.63,0.85,,
27/11/2012,0.88,0.96,,
26/11/2012,1.3,0.53,,
25/11/2012,1.62,0,,
24/11/2012,1.45,0.58,,
23/11/2012,1.26,0.34,,
22/11/2012,1.66,0,,
21/11/2012,1.16,0.61,,
20/11/2012,1.55,0.47,,
19/11/2012,1.93,0.01,,
18/11/2012,0.31,0,,
17/11/2012,2.38,0,,
16/11/2012,0.9,0.67,,
15/11/2012,1.54,0.31,,
14/11/2012,1.14,0.56,,
13/11/2012,0.88,0.84,,
12/11/2012,1.51,0.47,,
10/11/2012,1.27,0.89,,
09/11/2012,1.46,0.41,,
08/11/2012,1.31,0.47,,
07/11/2012,0.69,0.97,,
06/11/2012,1.19,0.61,,
05/11/2012,1.01,0.4,,
04/11/2012,1.73,0.32,,
03/11/2012,0.65,0.67,,
02/11/2012,1.15,0.8,,
01/11/2012,1.55,0.28,,
31/10/2012,1.19,0.22,,
30/10/2012,1.08,0.79,,
29/10/2012,1.15,0.16,,
28/10/2012,1.21,0,,
27/10/2012,1.7,0,,
26/10/2012,1,0.46,,
25/10/2012,0.8,0.75,,
24/10/2012,0.97,0.52,,
23/10/2012,1.49,0.54,,
22/10/2012,1.35,0.46,,
21/10/2012,1.59,0.5,,
20/10/2012,1.74,0.26,,
19/10/2012,1.31,0.41,,
18/10/2012,1.03,0.72,,
17/10/2012,1.37,0.66,,
16/10/2012,1.18,0.73,,
15/10/2012,1.58,0.42,,
13/10/2012,0.94,1.3,,
12/10/2012,1.36,0.34,,
11/10/2012,1.51,0.15,,
10/10/2012,1.32,0.23,,
09/10/2012,1.09,1.01,,
08/10/2012,1.66,0.17,,
07/10/2012,1.59,0.02,,
06/10/2012,1.31,0.23,,
05/10/2012,1.17,0.6,,
04/10/2012,1.49,0.15,,
03/10/2012,1.36,0.49,,
02/10/2012,1.18,0.87,,
01/10/2012,1.39,0.36,,
30/09/2012,0.53,0.49,,
29/09/2012,1.65,0.16,,
28/09/2012,1.11,0.93,,
27/09/2012,1.08,0.68,,
26/09/2012,0.95,0.65,,
25/09/2012,0.53,1.33,,
24/09/2012,0.91,0.67,,
23/09/2012,0.74,1.02,,
22/09/2012,0.6,0,,
21/09/2012,0.69,0.77,,
20/09/2012,1.05,0.47,,
19/09/2012,1.39,0.39,,
18/09/2012,1.1,0.55,,
17/09/2012,0.93,0.58,,
16/09/2012,0.31,0.37,,
15/09/2012,1.96,0.09,,
14/09/2012,1.41,0.34,,
13/09/2012,1.5,0.46,,
12/09/2012,1.12,0.43,,
11/09/2012,1.45,0.35,,
10/09/2012,1.24,0.37,,
09/09/2012,2.1,0,,
08/09/2012,2.1,0.38,,
07/09/2012,1.57,0.35,,
06/09/2012,1.54,0.3,,
05/09/2012,1.54,1.54,,
04/09/2012,0.79,1.2,,
03/09/2012,1.12,1.1,,
02/09/2012,2.29,0,,
01/09/2012,1.95,0,,
31/08/2012,0.97,0.86,,
30/08/2012,1.48,0,,
29/08/2012,1.12,0.43,,
28/08/2012,0.83,0.73,,
27/08/2012,1.1,0.47,,
26/08/2012,1.13,0,,
25/08/2012,2.05,0,,
24/08/2012,0.83,1.19,,
23/08/2012,0.14,1.23,,
22/08/2012,1.34,0.82,,
21/08/2012,1.17,0.76,,
20/08/2012,1.61,0.13,,
19/08/2012,1.67,0,,
18/08/2012,1.71,0.5,,
17/08/2012,1.23,0.62,,
16/08/2012,1.25,0,,
15/08/2012,2.16,0,,
14/08/2012,1.77,0.25,,
13/08/2012,1.13,0.04,,
11/08/2012,1.99,0,,
10/08/2012,1.47,0,,
09/08/2012,1.31,0.31,,
08/08/2012,0.92,0.84,,
07/08/2012,1.08,0.45,,
06/08/2012,1.25,0.4,,
04/08/2012,1.49,0,,
03/08/2012,1.31,0.34,,
02/08/2012,1.38,0.42,,
01/08/2012,1.41,0.45,,
31/07/2012,1.6,0.48,,
30/07/2012,1.02,0.4,,
29/07/2012,0.91,1.01,,
27/07/2012,0.99,0.82,,
26/07/2012,0.32,1.07,,
25/07/2012,1.45,0.26,,
24/07/2012,0.72,1.09,,
23/07/2012,1,0.62,,
22/07/2012,0,3.25,,
21/07/2012,1.09,1.11,,
20/07/2012,0.83,0.89,,
19/07/2012,0.65,1.33,,
18/07/2012,1.22,0.57,,
17/07/2012,1.58,0.23,,
16/07/2012,0.82,0.92,,
15/07/2012,0,1.64,,
14/07/2012,1.79,0.35,,
13/07/2012,1.61,0.3,,
12/07/2012,1.16,0.5,,
11/07/2012,1.73,0.29,,
10/07/2012,1.7,0.39,,
09/07/2012,0.7,1.23,,
08/07/2012,1.44,0.22,,
07/07/2012,1.5,0.81,,
06/07/2012,0.9,0.86,,
05/07/2012,1.03,1.35,,
04/07/2012,0.5,1.03,,
03/07/2012,0.9,0.66,,
02/07/2012,1.77,0.21,,
01/07/2012,1.65,0,,
30/06/2012,0.65,1.21,,
29/06/2012,1.6,0.3,,
28/06/2012,1.02,0.55,,
27/06/2012,1.18,0.91,,
26/06/2012,0.48,0.98,,
25/06/2012,1.16,0.46,,
24/06/2012,0.8,0,,
23/06/2012,1.56,0.34,,
22/06/2012,1.1,0.78,,
21/06/2012,0.74,0.88,,
20/06/2012,1.33,0.71,,
19/06/2012,1.06,0.62,,
18/06/2012,1.23,0.77,,
17/06/2012,0.55,0.81,,
16/06/2012,2.5,0,,
15/06/2012,0.76,0.77,,
14/06/2012,0.46,0.79,,
13/06/2012,1.01,1.01,,
12/06/2012,0.61,0.93,,
11/06/2012,0.88,1.24,,
10/06/2012,0.92,1.34,,
09/06/2012,0.96,0.88,,
08/06/2012,0.86,0.98,,
07/06/2012,0.44,1.39,,
06/06/2012,1.01,0.75,,
05/06/2012,0.62,1.19,,
04/06/2012,0.39,1.36,,
03/06/2012,0.78,0.28,,
02/06/2012,0.93,0.96,,
01/06/2012,1.01,0.88,,
31/05/2012,1.02,0.68,,
30/05/2012,0.85,0.85,,
29/05/2012,1.57,0.1,,
28/05/2012,0.39,0,,
26/05/2012,1.63,0,,
25/05/2012,0.71,1.28,,
24/05/2012,1.16,0.52,,
23/05/2012,1.17,0.5,,
22/05/2012,1.45,0.31,,
21/05/2012,0.92,0.97,,
20/05/2012,1.43,0.34,,
19/05/2012,0.85,0.59,,
18/05/2012,0.95,0.56,,
17/05/2012,1.08,0.36,,
16/05/2012,1.17,0.94,,
15/05/2012,1.16,0.66,,
14/05/2012,1.19,0.31,,
13/05/2012,0,2.78,,
12/05/2012,0.46,0.67,,
11/05/2012,1.17,0.42,,
10/05/2012,1.26,0.54,,
09/05/2012,1.31,0.28,,
08/05/2012,1.01,0.94,,
07/05/2012,1.38,0.62,,
06/05/2012,0.8,1.3,,
05/05/2012,0.92,0.9,,
04/05/2012,1.12,0.85,,
03/05/2012,0.43,1.32,,
02/05/2012,0.76,1.08,,
01/05/2012,1.13,0.97,,
30/04/2012,0,1.3,,
28/04/2012,0.37,0.3,,
27/04/2012,0.43,1.26,,
26/04/2012,1.05,1.08,,
25/04/2012,1.13,0.74,,
24/04/2012,0.3,1.1,,
23/04/2012,1.49,0.3,,
22/04/2012,1.25,1.11,,
21/04/2012,0.87,0.22,,
20/04/2012,0.94,1.09,,
19/04/2012,1.12,0.62,,
18/04/2012,1.25,0.32,,
17/04/2012,1.48,0.26,,
16/04/2012,1.21,0.34,,
15/04/2012,0.79,1.05,,
14/04/2012,0.97,0.54,,
13/04/2012,1.04,0.76,,
12/04/2012,1.37,0.45,,
11/04/2012,1.33,0.5,,
10/04/2012,0.93,0.81,,
09/04/2012,1.46,0.45,,
08/04/2012,0.98,0.11,,
07/04/2012,0.63,1.2,,
06/04/2012,1.19,0.99,,
05/04/2012,1.16,0.85,,
04/04/2012,0.99,0.65,,
03/04/2012,1.23,0.56,,
02/04/2012,1.51,0.33,,
01/04/2012,2,0,,
31/03/2012,0.52,0,,
30/03/2012,1.07,0.74,,
29/03/2012,0.96,0.7,,
28/03/2012,1.38,0.3,,
27/03/2012,0.82,0.9,,
26/03/2012,1.18,0.5,,
25/03/2012,1.25,0.48,,
24/03/2012,1.39,0,,
23/03/2012,1.26,0.35,,
22/03/2012,1.34,0.53,,
21/03/2012,1.41,0.38,,
20/03/2012,1,0.74,,
19/03/2012,1,0.82,,
18/03/2012,1.52,0.27,,
17/03/2012,1.24,0.36,,
16/03/2012,1.28,0.51,,
15/03/2012,1.51,0.41,,
14/03/2012,1.27,0.61,,
13/03/2012,1.36,0.3,,
12/03/2012,0.58,0.22,,
11/03/2012,1.56,0,,
10/03/2012,0,3.11,,
09/03/2012,1.29,0.51,,
08/03/2012,1.46,0.36,,
07/03/2012,0.96,0.25,,
06/03/2012,0.48,1.54,,
05/03/2012,0.97,0.55,,
04/03/2012,0,0.23,,
03/03/2012,2.36,0,,
02/03/2012,1.34,0.54,,
01/03/2012,1.48,0.4,,
29/02/2012,0.53,0.9,,
28/02/2012,1.32,0.15,,
27/02/2012,1.24,0.66,,
26/02/2012,0,0.65,,
25/02/2012,2.89,0,,
24/02/2012,0.69,0.9,,
23/02/2012,1.59,0.24,,
22/02/2012,1.6,0,,
21/02/2012,0.79,0.49,,
20/02/2012,2.13,0,,
18/02/2012,1.73,0,,
17/02/2012,1.24,0.13,,
16/02/2012,0.8,0.77,,
15/02/2012,0.61,0.96,,
14/02/2012,1.26,0.32,,
13/02/2012,1.15,0.53,,
12/02/2012,1.66,0.82,,
11/02/2012,1.19,0,,
10/02/2012,1.09,0.5,,
09/02/2012,1.1,0.72,,
08/02/2012,1.38,0.37,,
07/02/2012,1.67,0.24,,
06/02/2012,1.25,0.66,,
05/02/2012,0.4,0.32,,
04/02/2012,1.73,0,,
03/02/2012,1.46,0.39,,
02/02/2012,1.9,0.13,,
01/02/2012,1.57,0.21,,
31/01/2012,0,1.92,,
30/01/2012,0.89,1.07,,
29/01/2012,0.08,1.11,,
28/01/2012,0.96,0.59,,
27/01/2012,0.49,1.56,,
26/01/2012,1.57,0.7,,
25/01/2012,1.06,0.5,,
24/01/2012,1.42,0.25,,
23/01/2012,1.56,0.01,,
22/01/2012,2.02,0,,
21/01/2012,1.06,0.43,,
20/01/2012,1.47,0.55,,
19/01/2012,1.1,0.64,,
18/01/2012,1.61,0.44,,
17/01/2012,0.89,1.03,,
16/01/2012,0.98,0.92,,
15/01/2012,1.2,1.1,,
14/01/2012,1.13,0.71,,
13/01/2012,0.67,1.11,,
12/01/2012,0.85,1.02,,
11/01/2012,1.25,0.59,,
10/01/2012,1.51,0.51,,
09/01/2012,2.27,0,,
08/01/2012,1.24,0,,
07/01/2012,1.9,0,,
06/01/2012,0.59,1.05,,
05/01/2012,1.17,0.58,,
04/01/2012,1.04,1.02,,
03/01/2012,1.19,0.61,,
02/01/2012,1.78,0,,
01/01/2012,0,2.1,,
30/12/2011,0.85,1.02,,
29/12/2011,1.86,0.17,,
28/12/2011,0.87,0.63,,
27/12/2011,1.17,0.61,,
26/12/2011,0.72,0.57,,
25/12/2011,0.97,0,,
24/12/2011,2.15,0,,
23/12/2011,1.42,0.34,,
22/12/2011,1.29,0.83,,
21/12/2011,1.68,0.01,,
20/12/2011,1.35,0.47,,
19/12/2011,1.11,0.88,,
18/12/2011,2.03,0,,
17/12/2011,1.25,0.7,,
16/12/2011,1.65,0.39,,
15/12/2011,0.96,0.44,,
14/12/2011,1.2,0.59,,
13/12/2011,1.22,0.48,,
12/12/2011,0.82,1.07,,
10/12/2011,1.67,0,,
09/12/2011,1.13,0.34,,
08/12/2011,0.41,1.12,,
07/12/2011,0.92,0.35,,
06/12/2011,0.86,0.82,,
05/12/2011,1.3,0.51,,
04/12/2011,1.05,1.08,,
03/12/2011,0,2.32,,
02/12/2011,1.23,0.31,,
01/12/2011,1.52,0.44,,
30/11/2011,1.39,0.49,,
29/11/2011,0.93,0.94,,
28/11/2011,1.1,0.81,,
27/11/2011,1.28,0.7,,
26/11/2011,0.63,0.53,,
25/11/2011,1.37,0.42,,
24/11/2011,1.22,0.63,,
23/11/2011,1.18,0.82,,
22/11/2011,0.81,0.95,,
21/11/2011,1.27,0.59,,
20/11/2011,2.06,0.52,,
19/11/2011,0.55,0.66,,
18/11/2011,1.15,0.32,,
17/11/2011,1.04,0.61,,
16/11/2011,1.24,0.8,,
15/11/2011,1.49,0.37,,
14/11/2011,0.7,0.91,,
13/11/2011,0,1.8,,
12/11/2011,2,0,,
11/11/2011,0.96,0.64,,
10/11/2011,1.13,0.37,,
09/11/2011,1.36,0.73,,
08/11/2011,0.85,0.63,,
07/11/2011,0.47,1.49,,
06/11/2011,1.25,1.28,,
05/11/2011,0.17,0.19,,
04/11/2011,1.18,0.9,,
03/11/2011,0.75,1.01,,
02/11/2011,1.23,0.32,,
01/11/2011,1.04,0.78,,
31/10/2011,0.53,1.17,,
30/10/2011,0.37,0.56,,
29/10/2011,0.67,0,,
28/10/2011,1.24,0.46,,
27/10/2011,1.22,0.45,,
26/10/2011,0.94,0.47,,
25/10/2011,0.67,1.28,,
24/10/2011,1.58,0.2,,
23/10/2011,1.58,0.53,,
22/10/2011,0.79,0.82,,
21/10/2011,1.12,0.61,,
20/10/2011,0.8,0.82,,
19/10/2011,1.23,0.55,,
18/10/2011,1.23,0.55,,
17/10/2011,0.85,1.02,,
16/10/2011,0.95,0.78,,
15/10/2011,2.25,0,,
14/10/2011,0.86,0.84,,
13/10/2011,0.89,1.19,,
12/10/2011,1.53,0,,
11/10/2011,1.12,0.86,,
10/10/2011,0.72,0.74,,
09/10/2011,0,1.5,,
08/10/2011,0.85,0.98,,
07/10/2011,0.84,1.1,,
06/10/2011,1.01,0.52,,
05/10/2011,1.28,0.34,,
04/10/2011,0.73,0.98,,
03/10/2011,0.87,1.18,,
02/10/2011,1.09,1.5,,
01/10/2011,0.62,0.75,,
30/09/2011,0.9,0.93,,
29/09/2011,1.24,0.46,,
28/09/2011,0.45,0.88,,
27/09/2011,1.22,0.56,,
26/09/2011,1.56,0.28,,
25/09/2011,2.07,0,,
24/09/2011,0.96,1.15,,
23/09/2011,1.12,0.32,,
22/09/2011,0.94,0.7,,
21/09/2011,0.9,0.83,,
20/09/2011,1.3,0.55,,
19/09/2011,0.41,0.99,,
18/09/2011,0,0.19,,
17/09/2011,2.6,0,,
16/09/2011,0.88,0.73,,
15/09/2011,1.18,0.66,,
14/09/2011,0.91,0.46,,
13/09/2011,1.08,0.67,,
12/09/2011,0.91,0.91,,
11/09/2011,1.04,0,,
10/09/2011,0,2.61,,
09/09/2011,0.99,0.86,,
08/09/2011,1.16,0.83,,
07/09/2011,1.19,0.53,,
06/09/2011,0.86,0.87,,
05/09/2011,0.74,1.38,,
04/09/2011,2.05,0,,
03/09/2011,0.75,0.74,,
02/09/2011,0.89,0.72,,
01/09/2011,1.06,0.64,,
31/08/2011,1.23,0.76,,
30/08/2011,1.68,0.66,,
29/08/2011,1.08,0.6,,
28/08/2011,1,0.51,,
27/08/2011,1.73,0.33,,
26/08/2011,0.89,0.91,,
25/08/2011,1,1.06,,
24/08/2011,1.36,0.72,,
23/08/2011,1.11,0.86,,
22/08/2011,0.68,1.19,,
21/08/2011,0,2.9,,
20/08/2011,1.39,1.01,,
19/08/2011,0.99,0.99,,
18/08/2011,0.85,0.77,,
17/08/2011,1.46,0.4,,
16/08/2011,0.57,0.79,,
15/08/2011,1.18,0.87,,
14/08/2011,1.59,0.47,,
13/08/2011,0,2.27,,
12/08/2011,1.01,0.99,,
11/08/2011,1.06,0.95,,
10/08/2011,1.07,0.65,,
09/08/2011,1.16,0.85,,
08/08/2011,0.94,1.1,,
07/08/2011,0.64,0,,
06/08/2011,0.06,0.95,,
05/08/2011,0.8,1.11,,
04/08/2011,0.67,0.68,,
03/08/2011,1.49,0,,
02/08/2011,1.12,0.59,,
01/08/2011,1.56,0.62,,
31/07/2011,0.05,0,,
29/07/2011,0.98,0.44,,
28/07/2011,0.82,0.48,,
27/07/2011,1.02,0.79,,
26/07/2011,0.94,1.21,,
25/07/2011,1.02,1.33,,
24/07/2011,0,1.83,,
23/07/2011,0.53,0.91,,
22/07/2011,0.78,1.25,,
21/07/2011,1,0.45,,
20/07/2011,1.2,0.34,,
19/07/2011,0.88,0.82,,
18/07/2011,0.88,0.96,,
17/07/2011,0.78,1.1,,
15/07/2011,0.86,0.89,,
14/07/2011,1.16,1.06,,
13/07/2011,1.08,0.57,,
12/07/2011,0.49,1.12,,
11/07/2011,0.22,1.74,,
09/07/2011,2.64,0,,
08/07/2011,2.06,0,,
07/07/2011,1.31,0.58,,
06/07/2011,0.86,0.93,,
05/07/2011,1.35,0,,
04/07/2011,0,1,,
03/07/2011,0,2.5,,
02/07/2011,0,1.44,,
01/07/2011,0.75,0.35,,
30/06/2011,1.08,0.68,,
29/06/2011,1.38,0.5,,
28/06/2011,1.41,0.44,,
27/06/2011,1.69,0.39,,
26/06/2011,2.5,0,,
25/06/2011,0,1.74,,
24/06/2011,1.33,0.59,,
23/06/2011,0.79,0.56,,
22/06/2011,2.1,0,,
21/06/2011,1.14,0.67,,
20/06/2011,0.67,0.72,,
18/06/2011,0.89,0,,
17/06/2011,0.58,0.5,,
16/06/2011,0.77,0.96,,
15/06/2011,0.71,1.14,,
14/06/2011,0.65,0.83,,
13/06/2011,1.15,0.69,,
10/06/2011,1.11,1.26,,
09/06/2011,1.12,0.85,,
08/06/2011,0.32,1.56,,
07/06/2011,0.79,0.75,,
06/06/2011,0.75,1.01,,
05/06/2011,0.9,0,,
03/06/2011,1.42,0.71,,
02/06/2011,1.36,0.7,,
01/06/2011,0.82,0.69,,
31/05/2011,1.1,1.07,,
29/05/2011,0.57,0.06,,
27/05/2011,1.12,0.73,,
26/05/2011,1.63,0,,
25/05/2011,1.18,0.44,,
24/05/2011,1.38,0.67,,
23/05/2011,0.98,0.39,,
22/05/2011,0,2.13,,
21/05/2011,0,2.63,,
20/05/2011,1.03,0.07,,
19/05/2011,2,0,,
18/05/2011,1.22,1.39,,
17/05/2011,1.63,0,,
16/05/2011,0.6,1.41,,
15/05/2011,0,2.74,,
14/05/2011,0.26,0,,
13/05/2011,0.7,1.36,,
12/05/2011,1.2,0.8,,
11/05/2011,0.46,1,,
10/05/2011,1.58,0,,
09/05/2011,0,2.37,,
05/05/2011,0.33,1.26,,
04/05/2011,1.07,0,,
03/05/2011,1.7,0.13,,
02/05/2011,0.31,0.83,,
30/04/2011,0,1.13,,
29/04/2011,1.08,0.63,,
28/04/2011,1.71,0.6,,
27/04/2011,2.4,0,,
26/04/2011,0.94,1.18,,
25/04/2011,0.75,0.86,,
22/04/2011,0,2.7,,
21/04/2011,1.6,0,,
20/04/2011,0.69,1.19,,
19/04/2011,1,1.33,,
18/04/2011,0,2.39,,
17/04/2011,0,1.65,,
16/04/2011,2.91,0,,
15/04/2011,0.87,0.82,,
14/04/2011,1.47,1.39,,
13/04/2011,1.27,0.86,,
12/04/2011,1.15,0.2,,
11/04/2011,0.54,0.97,,
09/04/2011,1.22,1.35,,
08/04/2011,0.72,0.57,,
07/04/2011,1.2,0.83,,
06/04/2011,1.36,0.46,,
05/04/2011,0.99,0.55,,
04/04/2011,0.9,0.55,,
02/04/2011,1.58,0,,
01/04/2011,1.39,0.42,,
31/03/2011,1.53,0.28,,
30/03/2011,1.14,0.67,,
29/03/2011,1.48,0.48,,
28/03/2011,0.76,1.19,,
27/03/2011,0.21,1.38,,
25/03/2011,1.17,0.35,,
24/03/2011,0.81,1.05,,
23/03/2011,0.6,1.22,,
22/03/2011,1.29,0.67,,
21/03/2011,0,0.99,,
18/03/2011,0.82,1.06,,
17/03/2011,0.5,1.67,,
16/03/2011,0.41,1.11,,
15/03/2011,0.65,1.23,,
14/03/2011,1.34,0.74,,
13/03/2011,1.27,0.33,,
12/03/2011,0,1.22,,
11/03/2011,1.84,0,,
10/03/2011,1.98,0,,
09/03/2011,1.15,0.46,,
08/03/2011,1.05,0.57,,
07/03/2011,2.04,0,,
06/03/2011,1.11,0,,
05/03/2011,2,0,,
04/03/2011,1.03,0.86,,
03/03/2011,1.35,0.56,,
02/03/2011,0.7,0.08,,
01/03/2011,0.83,1.16,,
28/02/2011,1.74,0,,
25/02/2011,1.1,0,,
24/02/2011,1.39,0.58,,
23/02/2011,1.01,0.92,,
22/02/2011,1.62,0,,
20/02/2011,0.6,1.45,,
18/02/2011,0.62,0.8,,
17/02/2011,2.8,0,,
15/02/2011,1.46,0.84,,
14/02/2011,1.35,0.36,,
11/02/2011,0.8,0.58,,
10/02/2011,1.95,0,,
09/02/2011,1.95,0,,
08/02/2011,1.43,0.16,,
07/02/2011,2.09,0,,
06/02/2011,1.78,0,,
05/02/2011,1.78,0,,
04/02/2011,1.25,0,,
03/02/2011,1.16,0,,
02/02/2011,2.11,0,,
01/02/2011,0.95,0.54,,
31/01/2011,1.9,0,,
30/01/2011,0,2.56,,
29/01/2011,0,2.09,,
28/01/2011,0.79,0.63,,
27/01/2011,0.44,1.35,,
26/01/2011,0,1.67,,
25/01/2011,0.38,1.87,,
24/01/2011,0.33,1.58,,
23/01/2011,2.1,0,,
21/01/2011,0.88,0.46,,
20/01/2011,1.48,0,,
19/01/2011,0.54,0.8,,
18/01/2011,1.22,0.7,,
17/01/2011,0.76,0.22,,
15/01/2011,2,0,,
14/01/2011,1.3,0.64,,
13/01/2011,0.79,0.87,,
12/01/2011,1.62,0.38,,
11/01/2011,1.08,0.47,,
10/01/2011,1.32,0,,
09/01/2011,1.53,0,,
08/01/2011,1.88,0,,
07/01/2011,0.64,1.21,,
06/01/2011,1.38,0.49,,
05/01/2011,0.63,0.66,,
04/01/2011,1.34,0.51,,
03/01/2011,0.84,0.78,,
01/01/2011,0,2.33,,
31/12/2010,1.6,0,,
30/12/2010,0,0.3,,
29/12/2010,0.75,0.94,,
28/12/2010,1.5,0.15,,
27/12/2010,0.91,0.53,,
25/12/2010,2.89,0,,
23/12/2010,1.29,0.06,,
22/12/2010,1.31,0.48,,
21/12/2010,1.12,0.69,,
20/12/2010,0,1.78,,
19/12/2010,0,0.12,,
18/12/2010,0,0,,
17/12/2010,1.52,0.64,,
16/12/2010,1.45,0.75,,
15/12/2010,1.41,0.2,,
14/12/2010,0,2.74,,
13/12/2010,1.45,0.53,,
12/12/2010,3,0,,
11/12/2010,0.7,0.22,,
10/12/2010,1.82,0.17,,
09/12/2010,1.24,0.66,,
08/12/2010,1.12,0.51,,
07/12/2010,0.88,0.9,,
06/12/2010,2.33,0,,
05/12/2010,1.01,0,,
04/12/2010,0.88,1.25,,
03/12/2010,1.42,0.91,,
02/12/2010,0.81,0.67,,
01/12/2010,0.94,0.65,,
30/11/2010,0.94,0.95,,
29/11/2010,1.01,0.39,,
26/11/2010,1.22,0,,
25/11/2010,1.06,0,,
24/11/2010,1.17,0,,
23/11/2010,0.89,0.76,,
22/11/2010,0,1.44,,
21/11/2010,2,0,,
20/11/2010,1.56,0,,
19/11/2010,1.83,0,,
18/11/2010,0.93,1.09,,
17/11/2010,1.07,0.73,,
16/11/2010,0.32,1.12,,
15/11/2010,1.29,0.72,,
12/11/2010,1.88,0,,
11/11/2010,1.04,0.5,,
10/11/2010,0.87,0.28,,
09/11/2010,1.83,0.07,,
08/11/2010,1.49,0.37,,
06/11/2010,0,2.42,,
05/11/2010,1.22,0.54,,
04/11/2010,1.3,0.95,,
03/11/2010,2.22,0,,
02/11/2010,1.54,0.78,,
01/11/2010,0,0.14,,
31/10/2010,0.43,0.65,,
30/10/2010,0,1.81,,
29/10/2010,0.3,1.49,,
28/10/2010,1.47,0.24,,
27/10/2010,1.36,0.31,,
26/10/2010,1,0.83,,
25/10/2010,0.85,1.01,,
24/10/2010,0.65,0,,
23/10/2010,0,2,,
22/10/2010,1.71,0.29,,
21/10/2010,0.87,0.75,,
20/10/2010,1.11,0.54,,
19/10/2010,1.19,0.9,,
18/10/2010,1.47,0.54,,
17/10/2010,0.6,0.63,,
16/10/2010,1.21,1.25,,
15/10/2010,1.04,0.84,,
14/10/2010,0.63,1.37,,
13/10/2010,1.18,0.32,,
12/10/2010,1.27,0.21,,
11/10/2010,2.5,0,,
08/10/2010,0.84,0.95,,
07/10/2010,0,1.7,,
06/10/2010,0.44,1.11,,
05/10/2010,0.83,0.63,,
04/10/2010,2.78,0,,
03/10/2010,2.78,0,,
02/10/2010,0,0.58,,
01/10/2010,1.24,0.46,,
30/09/2010,0,2.16,,
29/09/2010,1.93,0,,
28/09/2010,1.24,0,,
27/09/2010,1.28,0.58,,
26/09/2010,1.33,0,,
25/09/2010,0.32,0,,
23/09/2010,1.67,0.85,,
22/09/2010,1.08,0.17,,
21/09/2010,0.62,1.39,,
20/09/2010,2.27,0,,
18/09/2010,0,1.62,,
17/09/2010,0.54,1.11,,
16/09/2010,1,0.73,,
15/09/2010,1.72,0,,
14/09/2010,1.87,0,,
13/09/2010,1.43,0.56,,
12/09/2010,1.93,0,,
11/09/2010,1.1,0,,
10/09/2010,2.7,0,,
09/09/2010,1.12,0.61,,
08/09/2010,0,2.89,,
07/09/2010,2.11,0,,
05/09/2010,0,2.23,,
04/09/2010,1.33,0,,
03/09/2010,1.44,0.46,,
02/09/2010,1.61,0.48,,
01/09/2010,1.3,0.47,,
31/08/2010,0,2.8,,
30/08/2010,1.27,0.73,,
29/08/2010,1.93,0,,
28/08/2010,3.33,0,,
27/08/2010,1.02,0,,
26/08/2010,1.93,0,,
25/08/2010,0.64,1.53,,
24/08/2010,1.19,0.65,,
23/08/2010,0.17,1.39,,
20/08/2010,0.98,0.78,,
19/08/2010,0.1,1.16,,
18/08/2010,1.65,0.04,,
17/08/2010,1.6,0.68,,
16/08/2010,1.06,0.26,,
13/08/2010,0.98,0,,
12/08/2010,1.03,0.96,,
11/08/2010,0.48,0.88,,
10/08/2010,0.32,0.94,,
09/08/2010,0.04,1.7,,
06/08/2010,1.17,1,,
05/08/2010,0.35,1.03,,
04/08/2010,1.47,0,,
02/08/2010,1.04,0.61,,
30/07/2010,1.86,0,,
29/07/2010,2.01,0,,
28/07/2010,1.62,0,,
27/07/2010,1.34,0.61,,
26/07/2010,1.55,0.39,,
23/07/2010,1.66,0.3,,
22/07/2010,1.03,0.73,,
21/07/2010,1.65,0,,
20/07/2010,1.53,0.56,,
19/07/2010,0.4,1.2,,
16/07/2010,0.97,1.15,,
15/07/2010,0.82,0.29,,
13/07/2010,0.98,0.99,,
12/07/2010,2.1,0,,
11/07/2010,0,3.2,,
09/07/2010,0,1.26,,
08/07/2010,0,3,,
07/07/2010,0,3,,
06/07/2010,2.11,0,,
05/07/2010,1.13,0,,
04/07/2010,1.13,0,,
02/07/2010,0.52,0.96,,
01/07/2010,1.12,0.63,,
30/06/2010,0.39,1.11,,
29/06/2010,1.52,0.17,,
28/06/2010,2.11,0,,
25/06/2010,1.18,1.11,,
24/06/2010,1.54,0.23,,
23/06/2010,0.14,0,,
22/06/2010,0,0,,
21/06/2010,1.33,0,,
18/06/2010,0.94,0.7,,
17/06/2010,1,1.22,,
15/06/2010,0.44,0.96,,
14/06/2010,0.59,1.45,,
13/06/2010,1.58,0,,
11/06/2010,2.57,0,,
09/06/2010,0.67,0,,
07/06/2010,1.45,0.17,,
06/06/2010,2.45,0,,
01/06/2010,2.33,0,,
27/05/2010,1.67,0,,
25/05/2010,2.65,0,,
24/05/2010,0.53,0,,
21/05/2010,1.15,0,,
20/05/2010,1.97,0,,
19/05/2010,0.95,1.06,,
17/05/2010,0.69,0,,
14/05/2010,1.1,1.2,,
13/05/2010,2.11,0,,
12/05/2010,0,2.17,,
11/05/2010,2.07,0,,
10/05/2010,0,1.67,,
06/05/2010,0.7,1.01,,
05/05/2010,0.56,0.99,,
04/05/2010,0.95,0.95,,
03/05/2010,1.44,1.22,,
30/04/2010,0.59,0.78,,
29/04/2010,0.84,0.17,,
28/04/2010,0.36,1.47,,
27/04/2010,1.9,0,,
25/04/2010,0,3,,
22/04/2010,1.55,0.7,,
21/04/2010,1,0.98,,
20/04/2010,1.24,0.67,,
19/04/2010,0.51,0.94,,
16/04/2010,1.18,0.59,,
15/04/2010,0.4,1.13,,
14/04/2010,1.3,0.7,,
13/04/2010,0.97,0.82,,
12/04/2010,0,1.05,,
10/04/2010,0,0.48,,
08/04/2010,0.66,1.49,,
07/04/2010,1.3,1.42,,
06/04/2010,2.51,0,,
05/04/2010,1.61,0,,
01/04/2010,0.88,1.02,,
31/03/2010,1.83,0.45,,
30/03/2010,1.11,0,,
29/03/2010,1,0,,
28/03/2010,1.1,0,,
26/03/2010,2.52,0,,
25/03/2010,0.46,0.59,,
24/03/2010,2.08,0,,
23/03/2010,1.29,0,,
22/03/2010,0.91,0.39,,
21/03/2010,0,1.97,,
19/03/2010,1.3,0,,
17/03/2010,1.87,0,,
14/03/2010,1.78,0,,
08/03/2010,0,0.25,,
05/03/2010,1.82,0,,
04/03/2010,0,2.95,,
02/03/2010,0.11,0,,
26/02/2010,0.35,0.19,,
25/02/2010,1.5,0.89,,
24/02/2010,1.5,1.02,,
23/02/2010,0.61,0.52,,
22/02/2010,0.79,0.84,,
18/02/2010,1.48,0.29,,
17/02/2010,0,2.2,,
16/02/2010,2.25,0,,
09/02/2010,0,1.58,,
08/02/2010,0,2.11,,
04/02/2010,0.05,1.13,,
02/02/2010,0.26,0,,
01/02/2010,0,2.6,,
30/01/2010,0.89,0,,
29/01/2010,0.89,0,,
28/01/2010,1.35,0,,
27/01/2010,0.67,1.14,,
26/01/2010,1.16,0,,
22/01/2010,0.3,0.64,,
21/01/2010,1.62,0.48,,
20/01/2010,0.78,0.48,,
15/01/2010,1.23,1.14,,
14/01/2010,2.22,0,,
12/01/2010,1.83,0,,
07/01/2010,1.37,0.25,,
05/01/2010,0,2.28,,
04/01/2010,0.23,1.49,,
28/12/2009,0.47,0,,
23/12/2009,0,2.8,,
21/12/2009,0,1.95,,
17/12/2009,0.89,0.09,,
16/12/2009,2.44,0,,
15/12/2009,0.57,0.2,,
14/12/2009,0,2.3,,
11/12/2009,2.82,0,,
09/12/2009,1.32,0,,
08/12/2009,1.11,0,,
07/12/2009,3,0,,
06/12/2009,0,1.78,,
04/12/2009,1.77,0.55,,
03/12/2009,0.48,1.14,,
02/12/2009,0.86,0.23,,
01/12/2009,0.83,1.21,,
30/11/2009,2.15,0,,
27/11/2009,1.72,0,,
25/11/2009,0,2.08,,
24/11/2009,0.85,1.04,,
23/11/2009,0.08,1.46,,
22/11/2009,0,2.87,,
20/11/2009,0.9,0,,
19/11/2009,1.43,0,,
18/11/2009,0.97,1.29,,
17/11/2009,0,2.22,,
13/11/2009,0.1,0,,
11/11/2009,0.95,1,,
05/11/2009,0,0.9,,
04/11/2009,0.92,1.45,,
03/11/2009,2.03,0,,
02/11/2009,0,2.4,,
01/11/2009,0,2.16,,
30/10/2009,0.41,1.38,,
29/10/2009,0,0.97,,
28/10/2009,0.31,0.58,,
27/10/2009,0.86,1.29,,
26/10/2009,0.68,1.77,,
24/10/2009,1.29,0,,
23/10/2009,0,2.67,,
22/10/2009,0,2.31,,
16/10/2009,0.65,0.68,,
15/10/2009,1.52,0,,
14/10/2009,1.97,0,,
13/10/2009,0.69,0.69,,
12/10/2009,0.96,0.8,,
08/10/2009,0.44,1.21,,
07/10/2009,1.73,0.01,,
06/10/2009,2.27,0.89,,
30/09/2009,1.4,0,,
29/09/2009,1.08,0.53,,
28/09/2009,1.41,0,,
24/09/2009,0,1.95,,
23/09/2009,2.44,0,,
22/09/2009,1.68,0,,
21/09/2009,0,1.67,,
17/09/2009,0,0.13,,
16/09/2009,2.78,0,,
14/09/2009,2.06,0,,
10/09/2009,0,1,,
08/09/2009,0,1.3,,
04/09/2009,0.96,0,,
03/09/2009,2.19,0,,
