Date,Open,High,Low,Close,Volume,Adj Close
09/04/2012,27.35,27.61,27.31,27.46,1399600,25.6468
05/04/2012,27.86,27.94,27.59,27.71,1267400,25.88029
04/04/2012,28.06,28.13,27.67,27.87,1967000,26.02973
03/04/2012,28.7,28.79,28.24,28.37,1406800,26.49672
02/04/2012,28.31,28.87,28.27,28.8,1644300,26.89832
30/03/2012,28.41,28.48,28.19,28.34,1208700,26.4687
29/03/2012,28.2,28.3,27.78,28.3,6181000,26.43134
28/03/2012,28.52,28.61,28.17,28.36,1721000,26.48738
27/03/2012,28.9,28.95,28.61,28.63,936400,26.73955
26/03/2012,28.68,28.9,28.68,28.87,1237000,26.9637
23/03/2012,28.19,28.4,28.06,28.37,1273000,26.49672
22/03/2012,28.15,28.24,28.05,28.11,1515300,26.25389
21/03/2012,28.51,28.6,28.37,28.55,1145100,26.66483
20/03/2012,28.45,28.55,28.18,28.53,1227400,26.64615
19/03/2012,28.68,28.9,28.65,28.76,916800,26.86096
16/03/2012,28.64,28.78,28.62,28.72,1327600,26.8236
15/03/2012,28.36,28.72,28.26,28.53,1176400,26.64615
14/03/2012,28.67,28.74,28.21,28.32,1270200,26.45002
13/03/2012,28.4,28.79,28.38,28.79,1047000,26.88898
12/03/2012,28.51,28.6,28.27,28.34,1101600,26.4687
09/03/2012,28.57,28.76,28.52,28.59,852900,26.70219
08/03/2012,28.27,28.61,28.17,28.48,1575500,26.59945
07/03/2012,27.94,28.09,27.7,27.99,1276900,26.14181
06/03/2012,28.1,28.14,27.75,27.91,2686400,26.06709
05/03/2012,28.92,28.94,28.57,28.63,950200,26.73955
02/03/2012,29.18,29.37,28.99,29.05,1008700,27.13181
01/03/2012,29.23,29.41,29.14,29.32,1799700,27.38399
29/02/2012,29.26,29.43,28.94,29.02,3692600,27.1038
28/02/2012,28.95,29.12,28.81,29.1,1437500,27.17851
27/02/2012,28.72,28.93,28.54,28.85,1545000,26.94502
24/02/2012,28.97,29.05,28.86,28.9,1203200,26.99172
23/02/2012,28.93,29,28.74,29,1397400,27.08512
22/02/2012,28.65,28.93,28.61,28.87,1641700,26.9637
21/02/2012,28.58,28.88,28.49,28.75,3163000,26.85163
17/02/2012,28.61,28.61,28.28,28.38,914900,26.50606
16/02/2012,27.98,28.48,27.92,28.48,1373300,26.59945
15/02/2012,28.28,28.28,27.98,28.09,1562800,26.2352
14/02/2012,28.05,28.12,27.82,28.03,1424100,26.17917
13/02/2012,28.24,28.35,28.06,28.14,1545400,26.2819
10/02/2012,28,28.09,27.88,28,1877600,26.15115
09/02/2012,28.6,28.68,28.36,28.44,2722200,26.5621
08/02/2012,28.57,28.73,28.3,28.51,1515500,26.62747
07/02/2012,28.52,28.62,28.22,28.5,4610100,26.61813
06/02/2012,28.46,28.75,28.46,28.61,1806800,26.72087
03/02/2012,28.73,28.8,28.55,28.78,3194000,26.87964
02/02/2012,28.4,28.58,28.3,28.46,1366900,26.58077
01/02/2012,28.47,28.55,28.33,28.36,4049400,26.48738
31/01/2012,28.33,28.47,27.89,28.11,4552500,26.25389
30/01/2012,27.9,28.16,27.79,28.07,3172300,26.21653
27/01/2012,28.08,28.39,28.08,28.26,2376000,26.39398
26/01/2012,28.57,28.63,28.11,28.19,1717000,26.3286
25/01/2012,27.7,28.42,27.59,28.35,2451000,26.47804
24/01/2012,27.97,28,27.78,27.86,4580900,26.02039
23/01/2012,27.84,28.28,27.84,28.24,2424800,26.3753
20/01/2012,27.69,27.78,27.62,27.75,911900,25.91766
19/01/2012,27.79,27.97,27.69,27.79,1078100,25.95502
18/01/2012,27.25,27.67,27.22,27.63,1369200,25.80558
17/01/2012,27.42,27.49,27.18,27.29,1121500,25.48803
13/01/2012,27.07,27.13,26.71,27.13,901200,25.33859
12/01/2012,27.31,27.42,27.11,27.34,1020200,25.53473
11/01/2012,27.35,27.36,27.14,27.2,3173100,25.40397
10/01/2012,27.39,27.49,27.33,27.33,973700,25.52539
09/01/2012,27,27.01,26.75,26.98,1731800,25.1985
06/01/2012,27.2,27.2,26.78,26.9,906400,25.12378
05/01/2012,27.06,27.29,26.96,27.18,1024000,25.38529
04/01/2012,27.27,27.42,27.16,27.35,1414100,25.54407
03/01/2012,27.15,27.43,27.08,27.4,6790400,25.59076
30/12/2011,26.25,26.62,26.2,26.6,2737600,24.84359
29/12/2011,25.9,26.24,25.89,26.19,1862700,24.46066
28/12/2011,26.35,26.45,25.83,25.9,1912800,24.18981
27/12/2011,26.28,26.46,26.26,26.31,1345700,24.57274
23/12/2011,26.35,26.49,26.33,26.4,1477600,24.6568
22/12/2011,25.95,26.29,25.84,26.28,3570900,24.54472
21/12/2011,25.7,25.92,25.53,25.86,4909800,24.15245
20/12/2011,25.55,25.83,25.5,25.62,3585600,23.9283
19/12/2011,25.79,25.85,25.34,25.4,1980900,23.39314
16/12/2011,25.52,25.8,25.46,25.76,2423400,23.72469
15/12/2011,25.78,25.84,25.35,25.44,2076700,23.42998
14/12/2011,25.73,25.87,25.31,25.43,2015800,23.42077
13/12/2011,26.68,26.88,25.85,26.03,3661800,23.97336
12/12/2011,26.64,26.66,26.28,26.55,1832800,24.45227
09/12/2011,26.82,27.17,26.73,27.11,2193800,24.96803
08/12/2011,27.4,27.45,26.67,26.75,2803300,24.63647
07/12/2011,27.31,27.71,27.12,27.58,3916900,25.40089
06/12/2011,27.38,27.65,27.17,27.42,2015200,25.25354
05/12/2011,27.55,27.83,27.27,27.41,3061300,25.24433
02/12/2011,27.66,27.74,27.15,27.19,1822900,25.04171
01/12/2011,27.34,27.66,27.21,27.4,1725300,25.23512
30/11/2011,27.12,27.5,26.95,27.46,6618900,25.29037
29/11/2011,25.88,26.2,25.81,26.14,5569500,24.07467
28/11/2011,26.07,26.09,25.64,25.74,3857800,23.70627
25/11/2011,25.13,25.26,24.95,24.96,1535900,22.9879
23/11/2011,25.67,25.74,25.2,25.26,1904500,23.2642
22/11/2011,25.98,26.24,25.89,26.01,2834300,23.95494
21/11/2011,26.15,26.15,25.62,25.99,2749600,23.93652
18/11/2011,26.73,26.86,26.48,26.6,2291300,24.49833
17/11/2011,27.26,27.29,26.42,26.56,1990300,24.46148
16/11/2011,27.25,27.74,27.08,27.28,4871900,25.1246
15/11/2011,27.46,27.58,27.18,27.42,1827900,25.25354
14/11/2011,27.62,27.88,27.36,27.58,1197300,25.40089
11/11/2011,27.6,27.96,27.53,27.88,892600,25.67719
10/11/2011,27.55,27.64,26.94,27.31,1662900,25.15223
09/11/2011,27.68,27.89,27.29,27.29,1956200,25.13381
08/11/2011,28.28,28.45,28.07,28.41,2454900,26.16532
07/11/2011,28.13,28.3,27.94,28.24,1205700,26.00875
04/11/2011,28.05,28.17,27.62,28.05,4139000,25.83376
03/11/2011,28.13,28.46,27.61,28.39,1861500,26.14689
02/11/2011,27.75,27.99,27.46,27.68,2359100,25.49299
01/11/2011,27.19,27.61,26.89,27.32,4164700,25.16144
31/10/2011,28.6,28.77,28.23,28.24,2550200,26.00875
28/10/2011,28.7,29.07,28.7,28.99,2339900,26.69949
27/10/2011,28.67,29.15,28.55,28.95,2652200,26.66265
26/10/2011,27.75,27.96,27.24,27.86,1721700,25.65877
25/10/2011,27.78,27.81,27.29,27.35,5609600,25.18907
24/10/2011,27.54,27.87,27.41,27.84,1785500,25.64035
21/10/2011,27.29,27.39,27.01,27.23,3344700,25.07855
20/10/2011,26.61,26.92,26.23,26.74,1574800,24.62726
19/10/2011,27.3,27.37,26.61,26.67,1226000,24.56279
18/10/2011,26.7,27.43,26.42,27.25,3069000,25.09697
17/10/2011,27.38,27.42,26.73,26.81,1103200,24.69173
14/10/2011,27.24,27.52,27.11,27.51,1265500,25.33643
13/10/2011,26.98,27.02,26.52,26.83,1316500,24.71015
12/10/2011,27.03,27.46,26.89,27.2,2406800,25.05092
11/10/2011,26.5,26.61,26.27,26.59,3672000,24.48911
10/10/2011,26.37,26.8,26.27,26.78,4086600,24.6641
07/10/2011,26.39,26.45,25.64,25.75,2410100,23.71548
06/10/2011,25.44,26.21,25.27,26.19,2087000,24.12072
05/10/2011,24.44,25.53,24.31,25.42,3070600,23.41156
04/10/2011,24,24.4,23.48,24.36,5300000,22.43531
03/10/2011,25.33,25.4,24.52,24.56,4700100,22.6195
30/09/2011,25.43,25.92,25.35,25.49,2988700,23.47602
29/09/2011,26.21,26.27,25.53,25.92,2821400,23.87205
28/09/2011,26.72,26.72,25.7,25.76,3187300,23.72469
27/09/2011,26.85,27.2,26.43,26.52,2847300,24.42465
26/09/2011,25.48,26.07,24.93,26.03,2439800,23.97336
23/09/2011,25.25,25.72,25.21,25.43,3343500,23.42077
22/09/2011,25.83,25.89,25.26,25.64,5247500,23.61417
21/09/2011,27.98,27.98,27.07,27.08,13453700,24.9404
20/09/2011,28.15,28.49,27.9,28.08,3957500,25.86139
19/09/2011,28.14,28.3,27.9,28.1,1567800,25.87981
16/09/2011,28.87,29.03,28.61,28.68,1502100,26.41398
15/09/2011,28.55,28.89,28.46,28.89,929400,26.60739
14/09/2011,28.3,28.6,27.97,28.32,2923500,26.08243
13/09/2011,28.1,28.37,27.95,28.26,1897500,26.02717
12/09/2011,27.98,28.3,27.55,27.99,2204900,25.7785
09/09/2011,29,29.02,28.34,28.44,1914700,26.19295
08/09/2011,29.4,29.66,29.29,29.34,2791200,27.02184
07/09/2011,29.14,29.57,29.02,29.54,1917700,27.20603
06/09/2011,28.6,28.98,28.43,28.97,3262100,26.68107
02/09/2011,29.22,29.61,29.19,29.32,1354800,27.00342
01/09/2011,30.03,30.12,29.79,29.85,2143300,27.49154
31/08/2011,29.65,30,29.54,29.89,3869100,27.52838
30/08/2011,29.23,29.69,29.03,29.55,1568000,27.21524
29/08/2011,29.07,29.34,29.04,29.29,2496600,26.97579
26/08/2011,28.36,28.76,27.82,28.7,2290900,26.4324
25/08/2011,28.85,29.04,28.41,28.52,2447800,26.26662
24/08/2011,28.63,28.91,28.34,28.76,1716600,26.48766
23/08/2011,28.05,28.63,27.79,28.62,3641400,26.35872
22/08/2011,28.44,28.48,27.81,27.9,1694900,25.69561
19/08/2011,28.17,28.62,27.74,27.8,2172200,25.60351
18/08/2011,28.73,28.73,28.03,28.23,2614200,25.99954
17/08/2011,29.45,29.84,29.35,29.44,1954200,27.11394
16/08/2011,29.36,29.51,29.12,29.26,3432600,26.94816
15/08/2011,29.36,29.7,29.26,29.69,1514500,27.34418
12/08/2011,29.33,29.36,28.9,29.02,2187900,26.72712
11/08/2011,28.16,29.22,27.72,29.07,4373500,26.77317
10/08/2011,28.1,28.55,27.52,27.93,4741500,25.72324
09/08/2011,27.26,28.4,26.74,28.38,5736200,26.13769
08/08/2011,27.49,27.7,26.79,26.88,5948000,24.7562
05/08/2011,28.99,29.13,27.64,28.43,7277600,26.18373
04/08/2011,30.01,30.04,28.76,28.93,6272800,26.64423
03/08/2011,30.32,30.42,29.7,30.39,4022600,27.98887
02/08/2011,30.85,30.99,30.24,30.24,2820300,27.85073
01/08/2011,31.3,31.5,30.77,31,3502800,28.55068
29/07/2011,31,31.1,30.7,30.94,3710500,28.49542
28/07/2011,31.44,31.64,31.16,31.36,2431700,28.88223
27/07/2011,32.21,32.24,31.4,31.4,3395900,28.91908
26/07/2011,32.64,32.64,32.24,32.29,1572600,29.73876
25/07/2011,32.46,32.7,32.4,32.57,2035600,29.99663
22/07/2011,32.51,32.64,32.45,32.61,1214600,30.03347
21/07/2011,32.43,32.71,32.31,32.59,1832200,30.01505
20/07/2011,32.22,32.37,32.13,32.24,2965500,29.69271
19/07/2011,32,32.2,31.98,32.1,2207400,29.56377
18/07/2011,31.72,31.85,31.43,31.6,2684900,29.10327
15/07/2011,31.86,32,31.68,31.96,1648800,29.43483
14/07/2011,32.03,32.11,31.51,31.59,3204700,29.09406
13/07/2011,31.58,32.15,31.56,31.83,1841300,29.3151
12/07/2011,31.08,31.64,31.03,31.4,2859300,28.91908
11/07/2011,31.51,31.67,31.13,31.27,2055500,28.79935
08/07/2011,31.8,32.04,31.71,31.94,1513900,29.41641
07/07/2011,32.2,32.27,32.03,32.03,3381600,29.4993
06/07/2011,31.99,31.99,31.71,31.84,3142900,29.32431
05/07/2011,32.1,32.24,31.99,31.99,2299900,29.46246
01/07/2011,31.65,31.98,31.45,31.9,3030400,29.37957
30/06/2011,31.36,31.72,31.33,31.67,3137300,29.16774
29/06/2011,31.02,31.35,30.87,31.25,3719000,28.78093
28/06/2011,30.3,30.68,30.28,30.67,2770700,28.24675
27/06/2011,29.87,30.2,29.76,30.15,2712100,27.76784
24/06/2011,30.4,30.46,29.94,30,1558200,27.62969
23/06/2011,30.21,30.47,29.99,30.43,2310100,28.02571
22/06/2011,30.7,31.13,30.67,30.78,1333800,28.34806
21/06/2011,30.58,31.15,30.55,31.05,1543200,28.407
20/06/2011,30.05,30.4,30.05,30.33,2049200,27.74829
17/06/2011,30.37,30.58,30.16,30.24,2327200,27.66595
16/06/2011,30.4,30.54,30.05,30.3,2703100,27.72084
15/06/2011,30.95,31.11,30.45,30.63,3047500,28.02275
14/06/2011,31.07,31.34,30.96,31.27,4474900,28.60828
13/06/2011,30.83,30.98,30.44,30.71,2905000,28.09594
10/06/2011,31.25,31.3,30.64,30.84,3657900,28.21488
09/06/2011,31.18,31.5,31.07,31.39,1506100,28.71806
08/06/2011,31.26,31.39,31,31.08,2859800,28.43445
07/06/2011,31.54,31.74,31.35,31.36,1351400,28.69062
06/06/2011,31.84,31.92,31.2,31.32,1991500,28.65402
03/06/2011,31.35,32,31.23,31.85,3390200,29.13891
02/06/2011,31.96,32.1,31.59,31.94,3178000,29.22125
01/06/2011,32.89,32.94,31.94,31.97,2563200,29.24869
31/05/2011,33.17,33.22,32.71,32.9,6080100,30.09953
27/05/2011,32.6,32.79,32.53,32.58,3363700,29.80677
26/05/2011,32.34,32.55,32.16,32.55,2769400,29.77932
25/05/2011,31.99,32.53,31.97,32.42,1481000,29.66039
24/05/2011,32.1,32.3,31.97,32.09,1678600,29.35848
23/05/2011,31.85,31.97,31.63,31.76,3484500,29.05657
20/05/2011,32.37,32.57,31.97,32.34,2298400,29.5872
19/05/2011,32.45,32.63,32.25,32.47,2239300,29.70613
18/05/2011,32.04,32.47,31.96,32.4,3144800,29.64209
17/05/2011,31.61,32,31.47,31.91,6787400,29.1938
16/05/2011,31.6,32.14,31.53,31.76,4430900,29.05657
13/05/2011,32.06,32.09,31.49,31.77,3053300,29.06572
12/05/2011,31.96,32.19,31.55,32.04,3141200,29.31273
11/05/2011,32.81,32.81,32.02,32.14,5170200,29.40422
10/05/2011,32.81,32.89,32.53,32.79,3691100,29.99889
09/05/2011,32.41,32.69,32.22,32.65,3028300,29.87081
06/05/2011,32.51,32.72,32,32.28,6529100,29.5323
05/05/2011,32.32,32.41,31.82,32.04,8218800,29.31273
04/05/2011,33.17,33.17,32.42,32.76,3082900,29.97145
03/05/2011,33.78,33.79,32.91,33.15,4034300,30.32825
02/05/2011,33.88,34.32,33.71,33.81,2436900,30.93207
29/04/2011,33.59,34.01,33.46,33.7,5546400,30.83143
28/04/2011,33.73,33.89,33.56,33.71,4599200,30.84058
27/04/2011,33.84,33.89,33.19,33.73,4505200,30.85888
26/04/2011,33.64,33.79,33.55,33.72,2900000,30.84973
25/04/2011,33.9,33.94,33.51,33.62,2764100,30.75824
21/04/2011,33.84,33.94,33.63,33.84,3513200,30.95952
20/04/2011,33.58,33.72,33.52,33.58,2655500,30.72165
19/04/2011,32.93,33.17,32.92,33.11,2316500,30.29165
18/04/2011,32.91,32.91,32.24,32.76,3222200,29.97145
15/04/2011,33.13,33.3,33,33.11,2339100,30.29165
14/04/2011,32.99,33.24,32.89,33.19,2530000,30.36484
13/04/2011,33.38,33.49,32.99,33.17,3230500,30.34655
12/04/2011,33.5,33.5,32.82,33.12,4030900,30.3008
11/04/2011,34.18,34.29,33.58,33.76,2915900,30.88632
08/04/2011,34.25,34.39,34.1,34.29,3135100,31.37121
07/04/2011,34.2,34.28,33.87,33.97,2960900,31.07845
06/04/2011,34.52,34.57,34.03,34.21,5257100,31.29802
05/04/2011,33.96,34.27,33.96,34.2,4287900,31.28887
04/04/2011,34.02,34.1,33.91,34,3857400,31.1059
01/04/2011,33.88,34.09,33.79,33.93,4389800,31.04185
31/03/2011,33.64,33.78,33.57,33.61,6803400,30.74909
30/03/2011,33.43,33.62,33.37,33.54,3028500,30.68505
29/03/2011,32.93,33.14,32.72,33.07,4772500,30.25506
28/03/2011,33.15,33.31,32.84,32.88,5061700,30.08123
25/03/2011,33.31,33.55,33.08,33.13,4111600,30.30995
24/03/2011,33.44,33.53,33.18,33.31,3840500,30.47463
23/03/2011,33.09,33.3,32.93,33.25,3557600,30.41974
22/03/2011,33.19,33.26,33.03,33.15,2706900,30.32825
21/03/2011,33.06,33.21,32.94,33.18,3252300,30.3557
18/03/2011,32.58,32.71,32.34,32.48,2842000,29.71528
17/03/2011,32.27,32.38,31.94,32.31,6693000,29.55975
16/03/2011,31.8,32.23,31.23,31.63,4058600,28.93763
15/03/2011,31.02,32.07,30.94,31.92,4511900,29.20295
14/03/2011,32.04,32.46,32.04,32.45,2534600,29.68783
11/03/2011,32,32.68,31.65,32.59,2318500,29.81592
10/03/2011,32.75,32.82,32.19,32.35,4424300,29.59634
09/03/2011,33.47,33.55,33.05,33.22,2334000,30.39229
08/03/2011,33.61,33.62,33.21,33.4,5082400,30.55697
07/03/2011,34.15,34.21,33.46,33.53,3751500,30.6759
04/03/2011,34.07,34.07,33.83,33.98,3274100,31.0876
03/03/2011,33.81,33.9,33.66,33.89,4468700,31.00526
02/03/2011,33.44,33.72,33.44,33.63,3308100,30.76739
01/03/2011,33.81,33.84,33.42,33.47,4434600,30.62101
28/02/2011,33.46,33.72,33.42,33.67,4269500,30.80399
25/02/2011,32.9,33.24,32.89,33.18,2119500,30.3557
24/02/2011,32.96,33.06,32.44,32.61,2687900,29.83422
23/02/2011,32.6,32.84,32.47,32.65,2549100,29.87081
22/02/2011,32.99,33.27,32.52,32.6,3373000,29.82506
18/02/2011,33.21,33.29,33,33.11,1717600,30.29165
17/02/2011,33.07,33.15,32.89,33.11,2855700,30.29165
16/02/2011,32.63,33.04,32.57,32.95,3053400,30.14528
15/02/2011,32.51,32.64,32.45,32.47,5725400,29.70613
14/02/2011,32.26,32.54,32.26,32.48,2059100,29.71528
11/02/2011,32.12,32.36,32.03,32.22,2537400,29.47741
10/02/2011,31.75,32.14,31.68,32.12,3180200,29.38592
09/02/2011,32.24,32.33,31.92,32.01,2916000,29.28529
08/02/2011,32.3,32.3,32.05,32.23,4653200,29.48656
07/02/2011,32.35,32.45,32.16,32.19,2239400,29.44996
04/02/2011,32.43,32.5,32.1,32.21,4677800,29.46826
03/02/2011,32.07,32.27,31.86,32.21,1975100,29.46826
02/02/2011,32.08,32.16,31.94,31.97,2948300,29.24869
01/02/2011,31.53,31.98,31.52,31.92,3219200,29.20295
31/01/2011,31.13,31.35,31.08,31.29,4713600,28.62658
28/01/2011,31.13,31.28,30.93,31.01,2642500,28.37041
27/01/2011,31.31,31.32,31.05,31.19,1774100,28.53509
26/01/2011,30.86,31.27,30.78,31.24,2948800,28.58083
25/01/2011,30.78,30.82,30.48,30.72,2014200,28.10509
24/01/2011,30.79,31.12,30.76,31,1432000,28.36126
21/01/2011,31.01,31.2,30.83,30.92,2622900,28.28807
20/01/2011,30.79,30.93,30.47,30.85,2107000,28.22403
19/01/2011,31.52,31.57,31.04,31.13,2431200,28.48019
18/01/2011,31.43,31.57,31.4,31.49,1455600,28.80955
14/01/2011,31.14,31.36,31.02,31.32,2713900,28.65402
13/01/2011,31.45,31.47,31.13,31.24,2388100,28.58083
12/01/2011,31.5,31.51,31.34,31.44,2082900,28.76381
11/01/2011,30.91,31.24,30.91,31.18,1583800,28.52594
10/01/2011,30.73,30.84,30.46,30.73,1421200,28.11424
07/01/2011,30.95,31.02,30.64,30.85,1857100,28.22403
06/01/2011,31.11,31.12,30.68,30.83,1883900,28.20573
05/01/2011,30.87,31.09,30.74,30.98,2016600,28.34296
04/01/2011,31.44,31.48,30.63,30.92,3015600,28.28807
03/01/2011,31.32,31.66,31.23,31.25,1571800,28.58998
31/12/2010,30.95,31.15,30.85,31,1892100,28.36126
30/12/2010,30.98,31.1,30.83,30.93,1796300,28.29722
29/12/2010,30.89,30.98,30.79,30.95,1379800,28.31552
28/12/2010,30.83,30.87,30.62,30.67,1103100,28.05935
27/12/2010,30.44,30.53,30.34,30.46,1362800,27.86722
23/12/2010,30.34,30.54,30.26,30.5,2302700,27.90382
22/12/2010,30.19,30.43,30.19,30.34,1913000,27.75744
21/12/2010,29.92,30.22,29.84,30.22,2271600,27.64765
20/12/2010,30.36,30.41,30.11,30.23,3991900,27.36587
17/12/2010,30.37,30.38,30.04,30.38,3314500,27.50166
16/12/2010,30.61,30.61,30.3,30.46,1454800,27.57408
15/12/2010,30.51,30.74,30.45,30.57,1937800,27.67366
14/12/2010,30.62,30.85,30.53,30.63,1779400,27.72797
13/12/2010,30.76,30.94,30.62,30.65,1718900,27.74608
10/12/2010,30.31,30.5,30.28,30.5,1486900,27.61029
09/12/2010,30.47,30.47,30.18,30.27,1788200,27.40208
08/12/2010,30.43,30.52,30.12,30.21,2739300,27.34776
07/12/2010,30.99,30.99,30.4,30.41,3778000,27.52882
06/12/2010,30.43,30.59,30.36,30.56,2187900,27.6646
03/12/2010,30.43,30.55,30.35,30.5,2591800,27.61029
02/12/2010,30.2,30.55,30.2,30.44,3576500,27.55597
01/12/2010,29.84,30.09,29.75,30.04,3493900,27.19387
30/11/2010,29.05,29.56,29.02,29.33,6056200,26.55114
29/11/2010,29.28,29.53,28.93,29.44,5528900,26.65072
26/11/2010,29.27,29.47,29.2,29.38,2142600,26.5964
24/11/2010,29.38,29.65,29.33,29.62,2122800,26.81367
23/11/2010,29.18,29.3,28.94,29.05,3674200,26.29767
22/11/2010,29.53,29.64,29.2,29.55,1829100,26.7503
19/11/2010,29.24,29.61,29.12,29.55,2160900,26.7503
18/11/2010,29.06,29.45,29.05,29.24,3345700,26.46967
17/11/2010,28.63,28.87,28.54,28.72,3060900,25.99893
16/11/2010,28.96,28.99,28.39,28.65,3469700,25.93557
15/11/2010,29.53,29.65,29.31,29.37,2747700,26.58735
12/11/2010,29.71,29.8,29.09,29.39,1800700,26.60546
11/11/2010,29.95,29.99,29.75,29.96,1829000,27.12145
10/11/2010,29.96,30.07,29.51,30.06,2456100,27.21198
09/11/2010,30.39,30.5,29.65,29.85,4495200,27.02187
08/11/2010,29.86,30.18,29.86,30.15,3631400,27.29345
05/11/2010,30,30.21,29.96,30.01,3119700,27.16671
04/11/2010,29.8,29.97,29.68,29.93,1991500,27.09429
03/11/2010,29.12,29.33,28.86,29.28,2262300,26.50588
02/11/2010,29.36,29.37,29.13,29.22,2552400,26.45156
01/11/2010,29.15,29.28,28.9,29.03,1380000,26.27956
29/10/2010,28.61,28.94,28.6,28.92,1739200,26.17999
28/10/2010,28.58,28.72,28.43,28.6,1866200,25.8903
27/10/2010,28.58,28.58,28.18,28.47,1734300,25.77262
26/10/2010,28.7,28.89,28.56,28.81,1852100,26.08041
25/10/2010,28.96,29.07,28.78,28.88,2513800,26.14377
22/10/2010,28.75,28.75,28.5,28.59,3116200,25.88125
21/10/2010,28.97,28.98,28.44,28.64,1630800,25.92651
20/10/2010,28.5,28.87,28.41,28.81,1594600,26.08041
19/10/2010,28.19,28.6,28.14,28.41,3736600,25.71831
18/10/2010,28.85,29.15,28.81,29.01,1874300,26.26146
15/10/2010,29.4,29.4,28.89,29.08,1911900,26.32483
14/10/2010,29.45,29.52,29.11,29.27,1718200,26.49683
13/10/2010,29.34,29.58,29.33,29.4,1528600,26.61451
12/10/2010,28.85,29.05,28.69,29.01,3722300,26.26146
11/10/2010,28.98,29.04,28.83,29,1815500,26.25241
08/10/2010,28.59,28.97,28.52,28.91,1809300,26.17093
07/10/2010,28.94,29,28.35,28.55,3005400,25.84504
06/10/2010,28.73,29,28.72,28.9,1337200,26.16188
05/10/2010,28.46,28.77,28.32,28.72,3629900,25.99893
04/10/2010,28.3,28.3,27.94,28.15,2141100,25.48294
01/10/2010,28.13,28.39,28.1,28.33,2022800,25.64589
30/09/2010,28.13,28.29,27.77,28.03,2951200,25.37431
29/09/2010,27.83,28,27.73,27.89,1567300,25.24757
28/09/2010,27.64,27.84,27.31,27.81,2900200,25.17515
27/09/2010,27.91,27.93,27.63,27.66,2855200,25.03936
24/09/2010,27.72,27.82,27.62,27.8,2444300,25.1661
23/09/2010,27.33,27.51,27.12,27.3,2886200,24.71347
22/09/2010,27.75,28.82,27.34,27.49,3204200,24.88547
21/09/2010,27.85,27.9,27.44,27.71,3210800,25.08463
20/09/2010,27.6,27.92,27.5,27.78,2266100,25.14799
17/09/2010,27.87,27.89,27.48,27.54,1757800,24.93073
16/09/2010,27.56,27.7,27.47,27.67,2460200,25.04842
15/09/2010,27.66,27.68,27.42,27.6,5020600,24.98505
14/09/2010,27.66,27.99,27.65,27.69,1628700,25.06652
13/09/2010,27.57,27.66,27.48,27.61,1482100,24.9941
10/09/2010,27.24,27.3,27.12,27.24,1982800,24.65916
09/09/2010,27.4,27.48,27.09,27.19,1687100,24.61389
08/09/2010,27.1,27.4,27.1,27.12,2453300,24.55053
07/09/2010,27.16,27.25,26.95,27.01,5026300,24.45095
03/09/2010,27.07,27.42,27.07,27.23,3361800,24.6501
02/09/2010,26.74,26.9,26.62,26.86,2114200,24.31516
01/09/2010,26.59,26.74,26.46,26.64,4250600,24.116
31/08/2010,26.16,26.36,25.91,26.1,2160100,23.62716
30/08/2010,26.32,26.54,26.18,26.21,1692000,23.72674
27/08/2010,25.69,26.39,25.46,26.32,4758900,23.82632
26/08/2010,25.66,25.93,25.56,25.64,1946000,23.21075
25/08/2010,25.17,25.63,25.06,25.57,2074100,23.14738
24/08/2010,25.47,25.63,25.26,25.43,2559500,23.02065
23/08/2010,26.19,26.27,25.94,25.94,2005600,23.48232
20/08/2010,26.11,26.12,25.77,26.09,1744100,23.61811
19/08/2010,26.68,26.72,26.14,26.31,1804400,23.81727
18/08/2010,26.52,26.81,26.29,26.68,1345100,24.15221
17/08/2010,26.31,26.58,26.21,26.46,1829300,23.95306
16/08/2010,25.67,25.81,25.57,25.73,1135900,23.29222
13/08/2010,25.73,25.99,25.73,25.77,1441900,23.32843
12/08/2010,25.58,25.9,25.54,25.8,1406700,23.35559
11/08/2010,26.31,26.44,25.78,25.9,4001100,23.44611
10/08/2010,26.66,26.91,26.45,26.83,3464900,24.288
09/08/2010,26.89,27.06,26.76,26.98,2122800,24.42379
06/08/2010,26.81,27.01,26.57,26.88,2097300,24.33326
05/08/2010,27.18,27.26,26.99,27.09,6608400,24.52337
04/08/2010,27.12,27.31,26.99,27.23,2856600,24.6501
03/08/2010,27.04,27.22,26.93,26.99,2682800,24.43284
02/08/2010,27.01,27.32,27.01,27.14,3281600,24.56863
30/07/2010,26.26,26.81,26.17,26.66,2215600,24.13411
29/07/2010,26.6,26.73,26.21,26.52,3710800,24.00737
28/07/2010,26.4,26.52,26.27,26.34,2358100,23.84443
27/07/2010,26.81,26.91,26.3,26.44,3768100,23.93495
26/07/2010,26.5,26.7,26.39,26.58,1519200,24.06169
23/07/2010,26.23,26.46,26.1,26.39,2628700,23.88969
22/07/2010,26.07,26.32,25.99,26.23,1395900,23.74485
21/07/2010,26.34,26.34,25.51,25.65,1942500,23.2198
20/07/2010,25.26,26.07,25.26,26.06,2897800,23.59095
19/07/2010,25.71,25.78,25.39,25.58,1662700,23.15643
16/07/2010,26.28,26.28,25.55,25.68,1666100,23.24696
15/07/2010,26.43,26.49,25.9,26.47,2160300,23.96211
14/07/2010,26.53,26.63,26.27,26.31,2601900,23.81727
13/07/2010,26.64,26.69,26.42,26.44,2657400,23.93495
12/07/2010,26.07,26.32,25.95,26.14,3647100,23.66338
09/07/2010,25.94,26.23,25.85,26.21,2698300,23.72674
08/07/2010,25.75,25.89,25.35,25.65,2501000,23.2198
07/07/2010,24.84,25.47,24.84,25.44,4239500,23.0297
06/07/2010,24.85,25.11,24.6,24.82,1855500,22.46844
02/07/2010,24.82,24.98,24.47,24.61,3195900,22.27834
01/07/2010,24.87,24.98,24.21,24.61,4939600,22.27834
30/06/2010,24.85,25.21,24.78,24.87,8483300,22.5137
29/06/2010,25.63,25.78,24.89,25.03,5560800,22.65854
28/06/2010,26.55,26.55,26.17,26.25,5029000,23.76295
25/06/2010,26.34,26.64,26.12,26.43,4977100,23.9259
24/06/2010,26.58,26.58,26.13,26.2,3619700,23.71769
23/06/2010,26.69,26.76,26.26,26.65,2926000,24.12506
22/06/2010,27.6,27.67,27.03,27.08,4022500,24.35137
21/06/2010,28.04,28.08,27.36,27.51,3093700,24.73804
18/06/2010,27.57,27.68,27.44,27.62,3234400,24.83696
17/06/2010,27.6,27.6,27.16,27.43,5421900,24.6661
16/06/2010,27.24,27.54,27.18,27.43,2679900,24.6661
15/06/2010,26.92,27.39,26.79,27.38,3583400,24.62114
14/06/2010,27,27.12,26.56,26.66,4028500,23.97369
11/06/2010,26.41,26.7,26.29,26.59,2674300,23.91074
10/06/2010,26.23,26.6,26.23,26.59,3720400,23.91074
09/06/2010,26.21,26.4,25.77,25.79,5495300,23.19135
08/06/2010,25.6,25.92,25.35,25.91,7445200,23.29926
07/06/2010,25.65,26.01,25.48,25.48,3037300,22.91259
04/06/2010,26.26,26.44,25.59,25.7,6627000,23.11042
03/06/2010,26.89,26.97,26.31,26.67,10387400,23.98268
02/06/2010,26.04,26.74,26,26.72,3386500,24.02764
01/06/2010,26.15,26.58,25.82,25.86,4388500,23.2543
28/05/2010,26.59,26.6,26,26.17,3695900,23.53306
27/05/2010,25.94,26.41,25.87,26.39,3230000,23.73089
26/05/2010,25.75,26.06,25.39,25.47,3530000,22.90359
25/05/2010,24.44,25.46,24.39,25.43,4727800,22.86763
24/05/2010,25.65,25.88,25.35,25.38,3609300,22.82266
21/05/2010,24.8,25.78,24.64,25.68,6393300,23.09244
20/05/2010,25.61,25.71,25.16,25.2,9421900,22.6608
19/05/2010,26.6,26.78,25.86,26.49,6383900,23.82082
18/05/2010,27.27,27.54,26.73,26.81,3719800,24.10857
17/05/2010,27.39,27.45,26.5,27.04,6416100,24.3154
14/05/2010,27.63,27.66,26.96,27.36,7153300,24.60316
13/05/2010,28.26,28.29,27.8,27.86,5323400,25.05278
12/05/2010,27.93,28.21,27.86,28.16,2787500,25.32255
11/05/2010,27.34,28.06,27.33,27.67,6005300,24.88192
10/05/2010,27.68,27.71,27.2,27.51,11444700,24.73804
07/05/2010,26.37,26.69,25.73,26.36,7246400,23.70392
06/05/2010,26.82,27.26,22.75,26.39,10236800,23.73089
05/05/2010,27.12,27.53,26.74,27.14,8293100,24.40532
04/05/2010,27.99,28.02,27.52,27.63,7163900,24.84595
03/05/2010,28.4,28.65,28.22,28.46,3071600,25.59232
30/04/2010,28.65,28.7,28.23,28.23,4581500,25.38549
29/04/2010,28.35,28.66,28.34,28.62,2426200,25.7362
28/04/2010,28.27,28.37,27.93,28.11,3763400,25.27759
27/04/2010,28.62,28.82,28.04,28.04,5264700,25.21464
26/04/2010,28.84,28.98,28.75,28.85,2688700,25.94302
23/04/2010,28.59,28.85,28.4,28.77,2326600,25.87108
22/04/2010,28.35,28.65,28.11,28.65,4115200,25.76317
21/04/2010,28.76,28.8,28.42,28.57,3384700,25.69123
20/04/2010,28.61,28.74,28.46,28.64,3961500,25.75418
19/04/2010,27.77,28.13,27.63,28.11,3523600,25.27759
16/04/2010,28.61,28.66,27.9,28.07,5142000,25.24162
15/04/2010,28.8,29,28.67,28.74,1807400,25.8441
14/04/2010,28.73,28.86,28.54,28.78,2470200,25.88008
13/04/2010,28.48,28.56,28.17,28.48,2908600,25.6103
12/04/2010,28.56,28.77,28.5,28.57,2139300,25.69123
09/04/2010,28.57,28.67,28.45,28.62,2261200,25.7362
08/04/2010,28.25,28.55,27.84,28.46,4509600,25.59232
07/04/2010,28.63,28.64,28.26,28.37,3496400,25.51139
06/04/2010,28.66,28.8,28.53,28.61,3796000,25.72721
05/04/2010,28.58,28.68,28.49,28.63,2595900,25.74519
01/04/2010,28.26,28.43,28.09,28.42,2359200,25.55635
31/03/2010,27.94,28.08,27.75,27.91,3158100,25.09774
30/03/2010,27.86,27.98,27.76,27.91,2531400,25.09774
29/03/2010,27.67,27.83,27.58,27.82,2720200,25.01681
26/03/2010,27.56,27.66,27.24,27.48,3354100,24.71107
25/03/2010,27.76,27.88,27.48,27.52,4065000,24.74703
24/03/2010,27.73,27.73,27.44,27.47,2777900,24.70207
23/03/2010,27.68,27.95,27.67,27.92,2923500,25.10673
22/03/2010,27.38,27.72,27.24,27.67,2777300,24.88192
19/03/2010,27.73,28.1,27.6,27.73,2065700,24.93587
18/03/2010,28.18,28.27,27.83,27.92,2731700,25.10673
17/03/2010,28.19,28.33,28.14,28.19,4228600,25.34952
16/03/2010,27.85,28.09,27.8,28.05,2795000,25.22363
15/03/2010,27.72,27.77,27.4,27.65,1442400,24.86394
12/03/2010,27.74,27.87,27.63,27.69,3208500,24.89991
11/03/2010,27.31,27.54,27.17,27.51,2131400,24.73804
10/03/2010,27.39,27.61,27.26,27.41,4470000,24.64812
09/03/2010,27.29,27.5,27.24,27.36,4431900,24.60316
08/03/2010,27.52,27.62,27.36,27.42,2653600,24.65711
05/03/2010,27.21,27.44,27.14,27.36,3127100,24.60316
04/03/2010,27.08,27.13,26.82,26.95,2789400,24.23447
03/03/2010,26.95,27.17,26.86,27.03,3743800,24.30641
02/03/2010,26.72,26.95,26.65,26.83,2997000,24.12656
01/03/2010,26.13,26.46,26.09,26.44,3630900,23.77586
26/02/2010,25.86,26.01,25.66,25.91,3795900,23.29926
25/02/2010,25.2,25.85,25.09,25.83,3616900,23.22732
24/02/2010,25.68,25.9,25.57,25.72,2547100,23.1284
23/02/2010,26.18,26.2,25.55,25.62,4846700,23.03848
22/02/2010,26.58,26.65,26.21,26.28,2202700,23.63198
19/02/2010,26.16,26.58,26.16,26.44,4204300,23.77586
18/02/2010,26.17,26.47,26.15,26.42,3968800,23.75787
17/02/2010,26.1,26.31,26.04,26.11,3487700,23.47911
16/02/2010,25.88,26.13,25.85,26.08,2413300,23.45213
12/02/2010,25.28,25.58,25.17,25.5,3792200,22.93057
11/02/2010,24.99,25.53,24.86,25.49,2152100,22.92158
10/02/2010,24.76,25.01,24.57,24.92,4487100,22.40902
09/02/2010,24.57,24.93,24.42,24.73,2398400,22.23816
08/02/2010,24.63,24.77,24.22,24.25,1722500,21.80653
05/02/2010,24.3,24.55,23.91,24.51,4285900,22.04033
04/02/2010,24.85,24.85,24.27,24.33,3742700,21.87846
03/02/2010,25.15,25.36,25.03,25.09,2404900,22.56189
02/02/2010,25.12,25.32,24.92,25.2,2645700,22.6608
01/02/2010,24.5,25,24.5,24.9,3687900,22.39103
29/01/2010,24.82,25.01,24.32,24.44,6228500,21.97738
28/01/2010,25.14,25.21,24.57,24.69,3288600,22.20219
27/01/2010,25.02,25.04,24.72,24.95,2301300,22.43599
26/01/2010,24.84,25.27,24.7,25.07,2111200,22.5439
25/01/2010,25.25,25.29,25.06,25.15,2767300,22.61584
22/01/2010,25.45,25.54,25.01,25.08,5439700,22.55289
21/01/2010,26.14,26.2,25.58,25.6,4676400,23.0205
20/01/2010,26.17,26.3,25.9,26.14,3543500,23.50608
19/01/2010,26.8,26.83,26.64,26.75,2454100,24.05462
15/01/2010,27.05,27.07,26.65,26.72,1993300,24.02764
14/01/2010,27.12,27.17,26.92,27.12,1630700,24.38734
13/01/2010,26.89,27.07,26.56,27.04,2033600,24.3154
12/01/2010,27,27,26.6,26.77,2179400,24.07261
11/01/2010,27.49,27.64,27.12,27.25,2971500,24.50424
08/01/2010,27.11,27.33,27,27.33,1922700,24.57618
07/01/2010,27.28,27.29,26.89,27.19,1626000,24.45029
06/01/2010,27.15,27.37,27.11,27.28,1980800,24.53122
05/01/2010,27.08,27.17,26.87,27.07,3820400,24.34238
04/01/2010,26.94,26.98,26.76,26.92,3007500,24.20749
31/12/2009,26.36,26.51,26.3,26.33,1469800,23.67694
30/12/2009,26.02,26.3,26.02,26.19,1638300,23.55105
29/12/2009,26.59,26.7,26.42,26.45,4100000,23.78485
28/12/2009,26.59,26.66,26.28,26.5,3144500,23.82981
24/12/2009,26.13,26.4,26.13,26.38,895300,23.7219
23/12/2009,26.06,26.34,26.06,26.27,2602900,23.62299
22/12/2009,25.87,25.95,25.6,25.94,1960600,23.32624
21/12/2009,25.92,26.08,25.85,25.85,3170100,23.02859
18/12/2009,25.86,25.86,25.44,25.7,2861500,22.89496
17/12/2009,25.76,25.82,25.49,25.59,1609000,22.79697
16/12/2009,26.11,26.32,25.96,26.14,2803500,23.28694
15/12/2009,26,26.04,25.84,25.89,1269300,23.06422
14/12/2009,25.81,26.02,25.63,26.01,1083700,23.17113
11/12/2009,26,26.05,25.58,25.61,2391400,22.81479
10/12/2009,25.97,25.98,25.67,25.88,1424800,23.05532
09/12/2009,25.62,25.7,25.28,25.67,2357700,22.86824
08/12/2009,25.77,25.78,25.31,25.4,2688300,22.62771
07/12/2009,25.92,26.26,25.77,25.98,2173300,23.1444
04/12/2009,26.48,26.67,25.76,25.91,4479800,23.08204
03/12/2009,26.7,26.73,26.25,26.25,1997500,23.38493
02/12/2009,26.79,26.92,26.58,26.74,2495100,23.82145
01/12/2009,26.35,26.79,26.32,26.73,3833000,23.81254
30/11/2009,25.79,26.16,25.73,25.91,2419300,23.08204
27/11/2009,25.32,25.91,25,25.69,1593700,22.88605
25/11/2009,26.3,26.51,26.22,26.48,1282400,23.58983
24/11/2009,26.25,26.34,25.89,26.02,1332300,23.18004
23/11/2009,26.37,26.52,26.15,26.25,1418500,23.38493
20/11/2009,25.71,25.81,25.55,25.77,1655100,22.95732
19/11/2009,26.09,26.09,25.59,25.92,3776100,23.09095
18/11/2009,26.39,26.58,26.14,26.32,2180600,23.44729
17/11/2009,25.96,26.38,25.84,26.38,2357800,23.50074
16/11/2009,26.13,26.29,25.98,26.11,14637200,23.26021
13/11/2009,25.62,26.16,25.55,25.87,3051900,23.04641
12/11/2009,25.89,26.02,25.51,25.58,2362200,22.78806
11/11/2009,26.33,26.39,25.97,26.01,3254800,23.17113
10/11/2009,25.86,26.03,25.66,25.9,2466700,23.07313
09/11/2009,25.48,25.95,25.44,25.92,6591200,23.09095
06/11/2009,24.6,25.08,24.59,24.9,2480300,22.18228
05/11/2009,24.79,24.95,24.6,24.92,3233400,22.2001
04/11/2009,24.79,25.08,24.63,24.64,3784200,21.95066
03/11/2009,23.67,24.49,23.59,24.46,3172200,21.7903
02/11/2009,24.02,24.33,23.58,23.95,3826700,21.33597
30/10/2009,24.46,24.46,23.62,23.85,6077800,21.24688
29/10/2009,24.1,24.67,24.05,24.65,3870300,21.95957
28/10/2009,24.45,24.55,23.78,23.87,5062400,21.2647
27/10/2009,25.14,25.17,24.62,24.71,3262300,22.01302
26/10/2009,25.8,26.09,25.05,25.11,4258500,22.36936
23/10/2009,26.36,26.37,25.73,25.84,2530400,23.01968
22/10/2009,25.99,26.32,25.73,26.27,2343000,23.40275
21/10/2009,26.16,26.65,26.01,26.07,2766600,23.22458
20/10/2009,26.75,26.82,26.09,26.25,2932100,23.38493
19/10/2009,26.75,26.88,26.41,26.79,1825700,23.866
16/10/2009,26.42,26.54,26.17,26.5,2376200,23.60765
15/10/2009,26.53,26.77,26.5,26.56,3321100,23.6611
14/10/2009,26.66,26.88,26.63,26.8,2912100,23.8749
13/10/2009,26.46,26.49,26.06,26.28,2470600,23.41166
12/10/2009,26.71,26.71,26.29,26.33,2217600,23.4562
09/10/2009,26.16,26.32,26.01,26.11,2584500,23.26021
08/10/2009,25.89,26.17,25.6,26.05,2744600,23.20676
07/10/2009,25.4,25.58,25.2,25.53,2583700,22.74352
06/10/2009,25.14,25.72,25.13,25.36,3441400,22.59207
05/10/2009,24.39,24.92,24.33,24.83,2679900,22.11992
02/10/2009,24,24.52,23.8,24.28,3171700,21.62995
01/10/2009,25.55,25.55,24.42,24.42,2564300,21.75467
30/09/2009,25.48,25.61,25.02,25.48,2512100,22.69897
29/09/2009,25.12,25.25,24.89,25.16,2228400,22.4139
28/09/2009,24.76,25.23,24.68,25.05,1783400,22.31591
25/09/2009,24.77,24.95,24.55,24.68,3572700,21.98629
24/09/2009,25.99,25.99,24.81,24.93,2439300,22.20901
23/09/2009,26.14,26.25,25.7,25.7,2598500,22.89496
22/09/2009,25.85,26.13,25.78,26.04,2660300,23.19785
21/09/2009,25.56,25.56,25.15,25.44,1648800,22.66334
18/09/2009,26.1,26.1,25.75,25.9,1101500,23.07313
17/09/2009,26.08,26.29,25.79,25.95,1834500,23.11768
16/09/2009,25.94,26.12,25.8,26.05,3407300,23.20676
15/09/2009,25.33,25.77,25.13,25.77,2133000,22.95732
14/09/2009,24.7,25.16,24.57,25.16,1643600,22.4139
11/09/2009,24.94,25.2,24.85,25.01,2137100,22.28027
10/09/2009,24.44,24.81,24.35,24.8,1425600,22.09319
09/09/2009,24.68,24.79,24.3,24.45,3305200,21.78139
08/09/2009,24.83,25.03,24.57,24.62,2492400,21.93284
04/09/2009,23.9,24.36,23.8,24.25,2336500,21.60322
03/09/2009,23.5,23.84,23.34,23.84,2614500,21.23797
02/09/2009,23.04,23.36,23,23.19,2128200,20.65892
01/09/2009,23.76,24,23.11,23.17,2202400,20.6411
31/08/2009,23.61,23.81,23.43,23.78,1524300,21.18452
28/08/2009,24.37,24.48,24.02,24.15,2012800,21.51414
27/08/2009,24,24.25,23.57,24.19,1821000,21.54977
26/08/2009,23.95,24,23.64,23.92,2613100,21.30924
25/08/2009,24.15,24.42,23.97,24.07,2532300,21.44287
24/08/2009,24.24,24.33,23.84,23.95,1501700,21.33597
21/08/2009,23.83,24.09,23.78,23.93,2234800,21.31815
20/08/2009,23.3,23.66,23.29,23.51,1897200,20.94399
19/08/2009,22.76,23.46,22.59,23.33,2862700,20.78364
18/08/2009,22.96,23.2,22.78,23.1,2235100,20.57874
17/08/2009,22.94,22.96,22.56,22.77,2832300,20.28476
14/08/2009,23.91,24.02,23.3,23.62,3124800,21.04199
13/08/2009,23.83,23.99,23.53,23.86,1993000,21.25579
12/08/2009,23.15,23.65,23.08,23.52,2208400,20.9529
11/08/2009,23.58,23.59,23.1,23.19,3164700,20.65892
10/08/2009,24.04,24.24,23.66,23.85,3508800,21.24688
07/08/2009,24.33,24.44,23.97,24.12,2492600,21.48741
06/08/2009,25,25,24.08,24.17,6862800,21.53196
05/08/2009,24.73,24.95,24.54,24.75,2079600,22.04865
04/08/2009,24.64,24.89,24.49,24.71,5847900,22.01302
03/08/2009,24.69,24.95,24.61,24.84,2668400,22.12883
31/07/2009,23.74,24.32,23.6,24.2,3104400,21.55868
30/07/2009,23.65,23.83,23.47,23.76,1790800,21.16671
29/07/2009,23.42,23.42,22.91,23.15,2439100,20.62328
28/07/2009,23.8,23.87,23.26,23.58,2042000,21.00635
27/07/2009,24,24.14,23.8,23.99,1302700,21.3716
24/07/2009,23.64,23.85,23.51,23.82,1879200,21.22016
23/07/2009,22.94,23.71,22.86,23.69,2759400,21.10435
22/07/2009,22.71,23.19,22.66,22.94,1613100,20.4362
21/07/2009,23.12,23.34,22.55,22.84,2204500,20.34712
20/07/2009,22.76,23.01,22.65,22.94,2369200,20.4362
17/07/2009,22.35,22.49,22.09,22.41,2335600,19.96405
16/07/2009,22.03,22.29,21.82,22.23,2061300,19.8037
15/07/2009,21.71,22.12,21.58,22.04,5608000,19.63444
14/07/2009,20.82,21.12,20.75,21.12,2474400,18.81485
13/07/2009,20.07,20.6,19.72,20.53,2025500,18.28925
10/07/2009,19.96,20.2,19.61,20.03,2449700,17.84382
09/07/2009,20.03,20.34,19.91,20.24,4913000,18.0309
08/07/2009,20.4,20.47,19.55,19.87,3807000,17.70128
07/07/2009,20.83,20.93,20.24,20.3,1727500,18.08435
06/07/2009,20.87,21.04,20.46,20.85,2367700,18.57432
02/07/2009,21.36,21.47,21.17,21.26,2640400,18.93957
01/07/2009,21.74,22.04,21.67,21.73,2990700,19.35827
30/06/2009,21.82,21.95,21.31,21.42,3036300,19.08211
29/06/2009,21.81,21.93,21.69,21.85,1703500,19.46517
26/06/2009,21.62,21.75,21.4,21.58,1416600,19.22464
25/06/2009,20.96,21.6,20.73,21.6,2893400,19.24246
24/06/2009,20.85,21.26,20.66,21.04,2969000,18.74358
23/06/2009,20.55,20.76,20.18,20.57,4546400,18.32488
22/06/2009,21.33,21.38,20.51,20.56,2734600,18.23579
19/06/2009,21.84,21.84,21.54,21.77,2053200,19.30901
18/06/2009,21.36,21.69,21.25,21.47,1954300,19.04292
17/06/2009,21.65,21.79,21.12,21.44,4511000,19.01631
16/06/2009,22.46,22.6,21.89,21.91,7071500,19.43318
15/06/2009,22.74,22.74,21.87,22.12,3827700,19.61944
12/06/2009,23,23.1,22.8,23.03,3017400,20.42657
11/06/2009,23.22,23.6,23.04,23.37,9981700,20.72814
10/06/2009,23.4,23.53,22.72,23.01,5959400,20.40883
09/06/2009,23.19,23.35,22.96,23.08,4210400,20.47092
08/06/2009,22.65,22.94,22.32,22.77,2483600,20.19596
05/06/2009,23.21,23.29,22.52,22.78,3428000,20.20483
04/06/2009,22.81,23.21,22.61,23.09,4452300,20.47979
03/06/2009,23.36,23.59,22.3,22.55,6362100,20.00083
02/06/2009,23.48,23.8,23.35,23.64,6037100,20.96761
01/06/2009,23.77,23.79,23.38,23.5,8202500,20.84344
29/05/2009,23.04,23.24,22.74,23.1,5637800,20.48866
28/05/2009,22.21,22.67,21.98,22.57,4512700,20.01857
27/05/2009,22.41,22.47,21.85,21.93,2315300,19.45092
26/05/2009,21.45,22.29,21.21,22.19,4863700,19.68153
22/05/2009,21.37,21.7,21.23,21.51,4957500,19.0784
21/05/2009,21.38,21.38,20.89,21.14,1854300,18.75023
20/05/2009,21.33,21.93,21.33,21.65,2896600,19.20257
19/05/2009,20.65,21.25,20.63,21.01,6664800,18.63492
18/05/2009,20.29,20.9,20.26,20.89,1585600,18.52849
15/05/2009,20.27,20.56,19.92,20.01,2367900,17.74797
14/05/2009,19.73,20.51,19.73,20.32,2038100,18.02292
13/05/2009,20.52,20.68,19.82,19.82,1884500,17.57945
12/05/2009,21.16,21.18,20.54,20.96,1644800,18.59057
11/05/2009,20.92,21.14,20.78,20.92,1591300,18.5551
08/05/2009,20.92,21.48,20.8,21.35,2930800,18.93649
07/05/2009,21.41,21.43,20.31,20.4,1843800,18.09388
06/05/2009,20.64,20.98,20.42,20.94,2198900,18.57284
05/05/2009,20.3,20.32,20,20.24,6553900,17.95197
04/05/2009,19.52,20.26,19.41,20.24,1630200,17.95197
01/05/2009,18.85,19.38,18.85,19.35,1775800,17.16258
30/04/2009,19.06,19.32,18.73,18.74,2625800,16.62153
29/04/2009,18.65,18.96,18.64,18.81,1222700,16.68362
28/04/2009,18.22,18.46,18.13,18.29,1508100,16.22241
27/04/2009,18.62,18.83,18.45,18.45,2004100,16.36432
24/04/2009,18.7,18.99,18.7,18.93,1618200,16.79006
23/04/2009,18.06,18.49,18.01,18.49,1257300,16.3998
22/04/2009,17.75,18.31,17.7,17.96,1305000,15.92971
21/04/2009,17.48,18,17.3,17.96,1545600,15.92971
20/04/2009,18.21,18.27,17.63,17.68,1513400,15.68136
17/04/2009,18.54,18.75,18.42,18.64,1110200,16.53284
16/04/2009,18.61,18.61,18.2,18.53,1174100,16.43527
15/04/2009,18.07,18.42,18.04,18.39,1178800,16.3111
14/04/2009,18.09,18.45,18.08,18.08,1037900,16.03614
13/04/2009,17.9,18.33,17.82,18.26,1704500,16.1958
09/04/2009,17.87,18.12,17.75,18.01,2210600,15.97406
08/04/2009,17.21,17.39,16.93,17.24,1068600,15.2911
07/04/2009,17.25,17.28,17.03,17.07,1201300,15.14032
06/04/2009,17.44,17.59,17.19,17.55,1851600,15.56606
03/04/2009,17.58,17.82,17.41,17.74,2025300,15.73458
02/04/2009,17.48,17.74,17.39,17.41,2955200,15.44188
01/04/2009,16.29,16.99,16.21,16.99,1243300,15.06936
31/03/2009,16.45,16.66,16.32,16.46,1356400,14.59928
30/03/2009,16.55,16.57,15.96,16.2,1775600,14.36867
27/03/2009,17.19,17.23,16.94,17.06,1629800,15.13145
26/03/2009,17.39,17.51,17.19,17.51,1565600,15.53058
25/03/2009,17.25,17.51,16.76,17.14,1964500,15.20241
24/03/2009,17.18,17.38,17.06,17.15,1431700,15.21128
23/03/2009,16.84,17.54,16.81,17.46,2388400,15.48623
20/03/2009,16.85,16.87,16.33,16.34,1500200,14.49284
19/03/2009,16.86,17.28,16.75,16.83,2574500,14.92745
18/03/2009,15.96,16.57,15.56,16.54,1744200,14.67023
17/03/2009,15.68,16.06,15.49,16.06,1027500,14.2445
16/03/2009,15.67,16.13,15.55,15.74,1212600,13.96067
13/03/2009,15.64,15.7,15.27,15.48,860900,13.73006
12/03/2009,14.86,15.53,14.7,15.45,1119300,13.70345
11/03/2009,14.75,15,14.58,14.81,1269400,13.1358
10/03/2009,14.11,14.59,14.1,14.59,2915100,12.94067
09/03/2009,13.73,14.09,13.64,13.79,1395000,12.23111
06/03/2009,14.17,14.39,13.72,14.03,1745400,12.44398
05/03/2009,14.13,14.34,13.9,14.02,1650000,12.43511
04/03/2009,14.37,14.6,14.19,14.5,2633100,12.86085
03/03/2009,14.12,14.24,13.64,13.98,1731300,12.39963
02/03/2009,14.5,14.82,13.85,13.97,3137000,12.39076
27/02/2009,15.14,15.32,14.93,15.09,2449300,13.38415
26/02/2009,15.18,15.6,15.18,15.35,1048900,13.61476
25/02/2009,14.91,15.21,14.56,14.89,1847400,13.20676
24/02/2009,14.5,14.94,14.32,14.89,1249000,13.20676
23/02/2009,15.14,15.19,14.33,14.41,1417200,12.78102
20/02/2009,15.08,15.21,14.8,15.06,1453900,13.35754
19/02/2009,15.48,15.66,15.21,15.29,991700,13.56154
18/02/2009,15.73,15.8,15.17,15.36,1163600,13.62363
17/02/2009,16.05,16.1,15.52,15.52,1923200,13.76554
13/02/2009,16.75,16.85,16.54,16.58,1082300,14.70571
12/02/2009,16.43,16.73,16.17,16.72,1304800,14.82989
11/02/2009,16.8,16.97,16.52,16.71,1205100,14.82102
10/02/2009,17.58,17.72,16.61,16.78,1800100,14.8831
09/02/2009,17.5,17.84,17.47,17.6,1370100,15.61041
06/02/2009,16.88,17.66,16.74,17.46,1358800,15.48623
05/02/2009,16.66,17.1,16.55,17.1,1121300,15.16693
04/02/2009,16.67,17.02,16.53,16.66,1725100,14.77667
03/02/2009,16.48,16.61,16.27,16.57,1275100,14.69684
02/02/2009,16.34,16.58,16.2,16.37,950700,14.51945
30/01/2009,16.97,17.04,16.48,16.7,1373600,14.81215
29/01/2009,17.15,17.22,16.88,16.92,976700,15.00728
28/01/2009,17.49,17.53,17.2,17.37,1929700,15.40641
27/01/2009,16.66,16.92,16.52,16.87,1417400,14.96293
26/01/2009,16.71,17.14,16.38,16.65,1059500,14.7678
23/01/2009,15.68,16.67,15.67,16.49,1661900,14.62589
22/01/2009,16.02,16.29,15.79,15.95,1621200,14.14693
21/01/2009,16.02,16.48,15.52,16.47,1779100,14.60815
20/01/2009,16.69,16.7,15.75,15.75,2314900,13.96954
16/01/2009,17.18,17.35,16.42,16.94,1146200,15.02502
15/01/2009,16.52,16.79,15.81,16.72,3381900,14.82989
14/01/2009,17.02,17.02,16.36,16.52,797700,14.6525
13/01/2009,17,17.37,16.94,17.31,726700,15.35319
12/01/2009,17.88,17.88,17.03,17.15,1591700,15.21128
09/01/2009,18.35,18.45,17.92,18.04,901900,16.00067
08/01/2009,18.06,18.51,17.87,18.51,723000,16.41754
07/01/2009,18.72,18.72,17.94,18.12,1149500,16.07162
06/01/2009,18.7,19.08,18.59,18.88,2792300,16.74571
05/01/2009,17.86,18.68,17.86,18.42,3321300,16.33771
02/01/2009,17.44,17.94,17.28,17.88,1280200,15.85875
31/12/2008,17.03,17.49,16.94,17.43,960800,15.45962
30/12/2008,16.59,17.09,16.5,17.09,1017300,15.15806
29/12/2008,16.62,16.74,16.38,16.69,970700,14.80328
26/12/2008,16.19,16.38,16.04,16.19,470500,14.3598
24/12/2008,16.17,16.27,16.03,16.22,389100,14.38641
23/12/2008,16.1,16.37,15.92,16.29,2837900,14.4485
22/12/2008,16.96,17.02,16.23,16.34,946200,14.20281
19/12/2008,16.75,16.91,16.48,16.8,1407000,14.60264
18/12/2008,17.43,17.43,16.44,16.82,2177400,14.62003
17/12/2008,17.4,17.62,17.24,17.3,2766100,15.03725
16/12/2008,16.63,17.49,16.59,17.36,2428700,15.0894
15/12/2008,16.84,16.93,16.26,16.5,1592300,14.34188
12/12/2008,16.03,16.56,15.71,16.47,1920000,14.31581
11/12/2008,16.77,17.18,16.1,16.39,2050400,14.24627
10/12/2008,16.32,16.7,16.17,16.32,2363100,14.18543
09/12/2008,16.15,16.46,15.88,16.06,1969400,13.95943
08/12/2008,15.99,16.66,15.95,16.32,2307400,14.18543
05/12/2008,14.86,15.44,14.43,15.44,2808600,13.42052
04/12/2008,15.69,16.2,14.99,15.26,2539900,13.26407
03/12/2008,15.5,16.03,15.33,15.98,2476600,13.8899
02/12/2008,16.32,16.63,15.64,16.03,2135200,13.93336
01/12/2008,17.01,17.1,16.13,16.34,3018300,14.20281
28/11/2008,16.85,17.14,16.62,17.11,736500,14.8721
26/11/2008,16.09,16.9,15.94,16.75,2010800,14.55918
25/11/2008,16.47,16.72,15.89,16.49,2662700,14.33319
24/11/2008,15.45,16.65,15.37,16.18,2274100,14.06374
21/11/2008,14.9,15.28,14.11,15.2,2768300,13.21192
20/11/2008,15.74,15.79,14.21,14.47,3999800,12.5774
19/11/2008,17.03,17.21,16.06,16.26,1847700,14.13327
18/11/2008,16.98,17.37,16.61,17.03,1644900,14.80256
17/11/2008,17.34,17.64,17.04,17.15,1126300,14.90687
14/11/2008,18.06,18.29,17.52,17.53,1692900,15.23716
13/11/2008,17.23,18.37,16.34,18.36,3327400,15.9586
12/11/2008,18.25,18.25,17.01,17.07,3037900,14.83733
11/11/2008,18.99,19.02,18.34,18.61,2032000,16.17591
10/11/2008,19.78,19.99,19.1,19.32,1717800,16.79304
07/11/2008,19.35,19.7,18.98,19.22,2137100,16.70612
06/11/2008,19.9,20.14,18.78,19.22,2477800,16.70612
05/11/2008,20.69,21.13,20.02,20.18,2218700,17.54056
04/11/2008,20.15,21.08,20.13,21.08,2121800,18.32284
03/11/2008,19.39,19.85,19.3,19.57,2070300,17.01034
31/10/2008,18.97,19.77,18.68,19.18,2620200,16.67135
30/10/2008,18.84,19.31,18.41,19.25,2081500,16.7322
29/10/2008,17.16,18.97,17.16,18.13,3479600,15.75869
28/10/2008,16.48,17.26,15.75,17.19,2742800,14.94163
27/10/2008,16.79,17.25,15.75,15.79,1544800,13.72475
24/10/2008,15.59,17.31,15.59,17.19,2289300,14.94163
23/10/2008,17.26,17.85,16.61,17.66,3299200,15.35016
22/10/2008,18.35,18.38,17.19,17.56,2198500,15.26324
21/10/2008,19.96,20.11,19.07,19.18,3064800,16.67135
20/10/2008,19.5,20.33,19.37,20.29,988400,17.63617
17/10/2008,18.15,19.9,18.01,19.07,2638200,16.57574
16/10/2008,19.28,19.28,17.4,18.8,2121500,16.34105
15/10/2008,19.67,20.13,18.63,18.75,2449300,16.29759
14/10/2008,23.15,23.2,19.79,20.4,2386600,17.73178
13/10/2008,19.64,21.18,19.21,21.18,1936900,18.40976
10/10/2008,18.49,19.5,17.57,18.85,3409100,16.38451
09/10/2008,21.56,22.04,19.52,19.92,2142800,17.31456
08/10/2008,19.67,21.65,19.5,21.56,3460400,18.74006
07/10/2008,22.05,22.8,20.94,21.04,3171800,18.28807
06/10/2008,22.67,22.88,20.67,22.33,5016000,19.40935
03/10/2008,24.09,25.03,23.5,23.53,2298600,20.45239
02/10/2008,25.25,25.36,23.89,24.01,3926100,20.86961
01/10/2008,26.8,26.83,25.72,26.15,2299000,22.72971
30/09/2008,26.15,26.55,25.76,26.34,1380300,22.89486
29/09/2008,27.2,27.24,25.24,25.8,1839400,22.42549
26/09/2008,27.83,28.05,27.47,27.77,1232900,24.13782
25/09/2008,28.2,28.88,28.2,28.66,1848700,24.91142
24/09/2008,28.42,29.18,28.42,28.71,3342900,24.95487
23/09/2008,28.65,29.32,28.32,28.87,1762400,25.09395
22/09/2008,28.91,29.98,28.88,29.13,1669100,25.31994
19/09/2008,29.5,29.75,27.78,29.01,2395200,25.21564
18/09/2008,26.45,27.69,26.35,26.97,4183300,23.44246
17/09/2008,26.77,26.96,25.79,26.31,4644200,22.86878
16/09/2008,26.71,27.15,25.56,27.12,3258000,23.57284
15/09/2008,27.59,27.75,26.94,26.96,4426500,23.43377
12/09/2008,27.89,28.6,27.78,28.41,2175500,24.69411
11/09/2008,27.06,27.86,26.75,27.86,2610300,24.21605
10/09/2008,26.87,27.69,26.73,27.44,1301900,23.85099
09/09/2008,27.78,27.88,26.65,26.7,1618600,23.20777
08/09/2008,28.84,29.25,27.87,27.98,1555500,24.32036
05/09/2008,28.18,28.46,27.55,28.34,1805900,24.63327
04/09/2008,29.02,29.1,27.98,28.12,2144800,24.44205
03/09/2008,29.3,29.44,28.61,29.09,4808300,25.28517
02/09/2008,29.91,29.91,29.26,29.3,1228300,25.46771
29/08/2008,30.72,30.72,30.25,30.38,641600,26.40645
28/08/2008,30.67,31,30.32,30.74,1117400,26.71936
27/08/2008,29.91,30.53,29.91,30.41,597500,26.43252
26/08/2008,29.81,30.01,29.69,29.82,1514200,25.91969
25/08/2008,30.18,30.24,29.66,29.76,763200,25.86754
22/08/2008,30.49,30.52,29.94,30.24,834700,26.28476
21/08/2008,30.01,30.61,29.9,30.5,1088400,26.51075
20/08/2008,29.14,29.66,29.14,29.62,808100,25.74585
19/08/2008,28.85,29.2,28.71,28.97,891100,25.18087
18/08/2008,29.28,29.44,28.88,28.97,3276300,25.18087
15/08/2008,29.6,29.6,28.86,29.12,882600,25.31125
14/08/2008,29.46,29.72,29.33,29.59,2508200,25.71978
13/08/2008,29.03,29.59,28.75,29.55,2312500,25.68501
12/08/2008,29.05,29.39,29.05,29.09,2536800,25.28517
11/08/2008,29.34,29.41,28.93,29.17,1834000,25.35471
08/08/2008,29.38,29.54,29.09,29.35,3352200,25.51117
07/08/2008,30.24,30.26,29.74,29.83,1283100,25.92838
06/08/2008,29.8,30.4,29.8,30.25,1188200,26.29345
05/08/2008,29.83,29.95,29.57,29.9,2478400,25.98923
04/08/2008,30.66,30.73,29.51,29.8,2527800,25.90231
01/08/2008,31.23,31.34,30.64,30.8,3098000,26.77151
31/07/2008,31.45,31.58,31.16,31.35,2917900,27.24958
30/07/2008,30.72,31.55,30.64,31.53,1819900,27.40603
29/07/2008,30.48,30.71,30.36,30.64,1177100,26.63244
28/07/2008,30.72,31.23,30.5,30.54,957400,26.54552
25/07/2008,30.56,30.99,30.44,30.86,1003200,26.82367
24/07/2008,31.52,31.74,30.56,30.56,1571000,26.5629
23/07/2008,31.98,31.98,31.47,31.52,1363800,27.39734
22/07/2008,31.94,32,31.45,31.86,1417400,27.69287
21/07/2008,31.79,32.26,31.68,32.13,1605200,27.92756
18/07/2008,31.85,31.88,31.58,31.62,2063400,27.48426
17/07/2008,31.68,32.18,31.16,31.46,1671700,27.34519
16/07/2008,31.01,31.66,30.69,31.66,2939800,27.51903
15/07/2008,32.01,32.11,30.95,31.16,2868100,27.08443
14/07/2008,32.25,32.74,31.83,32.04,1013700,27.84933
11/07/2008,32,32.25,31.62,31.87,1246700,27.70156
10/07/2008,31.82,32.08,31.56,32.03,1635700,27.84064
09/07/2008,32.34,32.6,31.58,31.66,1726800,27.51903
08/07/2008,31.72,31.97,31.09,31.94,1793200,27.76241
07/07/2008,32.4,32.4,31.45,31.82,3407600,27.6581
03/07/2008,32.39,32.44,31.77,32.3,3825400,28.07532
02/07/2008,33.4,33.72,32.34,32.53,1473200,28.27524
01/07/2008,33.25,33.36,32.85,33.24,1994000,28.89238
30/06/2008,33.49,33.52,32.97,33.16,1139400,28.82284
27/06/2008,33.11,33.44,32.93,33.24,1452700,28.89238
26/06/2008,33.36,33.5,32.81,33.1,2218200,28.77068
25/06/2008,33.43,33.73,33.04,33.46,757000,29.0836
24/06/2008,34.11,34.16,33.42,33.6,1090000,29.10359
23/06/2008,33.81,34.19,33.81,34.06,917000,29.50203
20/06/2008,34.5,34.5,33.8,33.81,892100,29.28549
19/06/2008,35.18,35.18,34.34,34.39,1637200,29.78787
18/06/2008,34.89,34.98,34.63,34.98,1145000,30.29892
17/06/2008,34.77,35.03,34.48,35.01,1795700,30.3249
16/06/2008,34.13,34.77,34.13,34.53,1029100,29.90913
13/06/2008,33.65,34,33.5,33.97,752900,29.42408
12/06/2008,33.97,33.97,33.57,33.72,1309300,29.20753
11/06/2008,34.33,34.46,33.99,34.22,1024900,29.64062
10/06/2008,34.49,34.5,33.78,33.96,1846300,29.41541
09/06/2008,34.76,34.91,34.37,34.62,1069300,29.98709
06/06/2008,34.67,35.15,34.54,34.66,2574700,30.02174
05/06/2008,34.09,34.89,34.04,34.89,1522600,30.22096
04/06/2008,34.21,34.47,33.99,34.15,1695400,29.57999
03/06/2008,34.86,35.04,34.29,34.4,1977300,29.79653
02/06/2008,34.98,34.99,34.58,34.91,939600,30.23828
30/05/2008,34.88,35.23,34.7,35.01,659500,30.3249
29/05/2008,34.99,35.52,34.68,34.68,1178900,30.03906
28/05/2008,34.62,35.02,34.25,34.97,1072400,30.29025
27/05/2008,35,35.01,34.33,34.44,1166800,29.83118
23/05/2008,35.5,35.56,34.84,35.13,965200,30.42884
22/05/2008,35.38,35.61,35.17,35.41,870900,30.67137
21/05/2008,35.88,36.22,35.27,35.34,1318500,30.61074
20/05/2008,35.44,35.86,35.42,35.75,2024100,30.96587
19/05/2008,35.63,35.9,35.28,35.39,4658400,30.65405
16/05/2008,35.19,35.47,35.18,35.32,1755200,30.59342
15/05/2008,34.53,34.92,34.43,34.87,780300,30.20364
14/05/2008,34.4,34.71,34.21,34.26,970300,29.67527
13/05/2008,34.48,34.49,34.02,34.27,925400,29.68393
12/05/2008,34.1,34.45,33.87,34.45,866500,29.83984
09/05/2008,33.92,34.09,33.8,33.93,806300,29.38943
08/05/2008,33.49,33.75,33.37,33.75,715000,29.23352
07/05/2008,33.82,33.82,33.42,33.49,1361100,29.00831
06/05/2008,33.01,33.78,32.91,33.75,1550900,29.23352
05/05/2008,33.16,33.3,32.97,33.04,799400,28.61853
02/05/2008,32.49,33,32.49,32.91,1062400,28.50593
01/05/2008,32.2,32.45,31.7,32.36,1111500,28.02953
30/04/2008,32.21,32.73,32.2,32.46,924900,28.11615
29/04/2008,32.39,32.51,31.96,31.99,498700,27.70904
28/04/2008,32.7,32.88,32.58,32.63,809200,28.2634
25/04/2008,32.36,32.65,32.24,32.65,605800,28.28072
24/04/2008,32.42,32.46,31.84,32.33,1337100,28.00355
23/04/2008,32.97,32.97,32.44,32.51,721200,28.15945
22/04/2008,33.19,33.61,32.96,33.43,1097300,28.95634
21/04/2008,33.27,33.49,33.21,33.41,717400,28.93902
18/04/2008,32.91,33.23,32.77,33.15,1031800,28.71381
17/04/2008,32.84,32.85,32.5,32.74,770200,28.35868
16/04/2008,32.23,33.01,32.23,32.98,1421800,28.56656
15/04/2008,31.69,31.87,31.62,31.77,833400,27.51848
14/04/2008,31.26,31.58,31.24,31.48,474100,27.26729
11/04/2008,31.58,31.63,31.18,31.24,599300,27.05941
10/04/2008,31.63,31.93,31.37,31.91,468100,27.63975
09/04/2008,31.63,31.63,31.39,31.58,686400,27.35391
08/04/2008,31.56,31.76,31.44,31.68,614500,27.44053
07/04/2008,31.72,32.15,31.52,31.63,1220100,27.39722
04/04/2008,31.7,31.81,31.51,31.62,1779000,27.38856
03/04/2008,31.01,31.65,30.91,31.51,652800,27.29328
02/04/2008,30.88,31.28,30.88,31.1,1255400,26.93814
01/04/2008,30.31,30.73,30.09,30.68,1370100,26.57435
31/03/2008,30.22,30.35,29.76,30.31,1227900,26.25386
28/03/2008,30.8,30.8,30.19,30.26,874200,26.21055
27/03/2008,30.65,30.9,30.5,30.5,1356100,26.41844
26/03/2008,30.64,30.64,30.34,30.5,709500,26.41844
25/03/2008,29.92,30.47,29.88,30.44,1013000,26.36647
24/03/2008,29.05,29.96,29.04,29.7,1041300,25.7255
20/03/2008,28.8,29.13,28.14,29.02,1804700,25.13649
19/03/2008,30.35,30.66,28.9,29.02,7198400,25.13649
18/03/2008,30.42,30.74,30.16,30.69,1852300,26.58301
17/03/2008,30.2,30.56,29.61,30.13,1499500,26.09795
14/03/2008,31.71,31.72,30.9,31.22,1513900,27.04209
13/03/2008,31.03,31.68,30.93,31.64,2333400,27.40588
12/03/2008,31.22,31.39,31.03,31.14,1409000,26.97279
11/03/2008,30.58,31.13,30.47,31.13,2271000,26.96413
10/03/2008,31.03,31.06,30.17,30.25,1310600,26.20189
07/03/2008,31.24,31.56,30.71,31.03,1735900,26.87751
06/03/2008,31.98,31.98,31.34,31.37,782200,27.17201
05/03/2008,31.68,32.04,31.6,32.01,1428800,27.72637
04/03/2008,31.55,31.76,30.89,31.4,1762100,27.198
03/03/2008,31.99,32.13,31.36,31.77,2684600,27.51848
29/02/2008,32.79,32.79,31.85,32.01,1717700,27.72637
28/02/2008,32.54,33.1,32.5,32.95,1938400,28.54058
27/02/2008,32.59,32.81,32.4,32.53,2004100,28.17678
26/02/2008,32.09,32.72,31.97,32.53,2003600,28.17678
25/02/2008,31.38,31.98,31.31,31.95,1459000,27.6744
22/02/2008,31.03,31.22,30.63,31.17,1006600,26.99878
21/02/2008,31.25,31.36,30.98,31.01,6595400,26.86019
20/02/2008,30.45,31.09,30.37,31.03,1317600,26.87751
19/02/2008,30.76,30.98,30.46,30.57,1103500,26.47907
15/02/2008,30.52,30.65,30.12,30.38,1145300,26.3145
14/02/2008,30.82,31,30.55,30.58,983700,26.48773
13/02/2008,30.44,30.85,30.33,30.83,842400,26.70428
12/02/2008,30.53,30.77,30.14,30.29,1212200,26.23654
11/02/2008,30.03,30.42,29.8,30.35,864500,26.28851
08/02/2008,29.76,30.22,29.76,30.04,714200,26.02
07/02/2008,29.41,29.81,29.14,29.56,1068300,25.60423
06/02/2008,29.9,30.12,29.51,29.84,1602900,25.84676
05/02/2008,30.47,30.52,29.73,29.76,1761400,25.77747
04/02/2008,30.87,31.14,30.4,30.4,2500600,26.33182
01/02/2008,30.38,30.99,30.38,30.92,2556400,26.78223
31/01/2008,29.83,30.47,29.44,30.28,1531400,26.22788
30/01/2008,30.22,30.82,30.13,30.25,977700,26.20189
29/01/2008,30.2,30.32,30.02,30.2,648800,26.15858
28/01/2008,29.66,29.98,29.31,29.58,1416200,25.62155
25/01/2008,30.03,30.36,29.41,29.64,1304200,25.67352
24/01/2008,29.04,29.74,29.03,29.58,2368400,25.62155
23/01/2008,27.99,28.79,27.34,28.65,2379100,24.81601
22/01/2008,26.4,28.52,26.4,28.36,1864900,24.56482
18/01/2008,28.73,29.13,28.14,28.53,1404400,24.71207
17/01/2008,29.4,29.8,28.48,28.56,1634100,24.73805
16/01/2008,29.94,30.15,29.16,29.41,4932200,25.4743
15/01/2008,30.88,30.95,30.19,30.23,1709300,26.18457
14/01/2008,31.09,31.25,30.98,31.07,1100800,26.91216
11/01/2008,30.92,31.05,30.72,30.8,1425200,26.67829
10/01/2008,30.88,31.43,30.63,31.3,1153900,27.11138
09/01/2008,31,31.23,30.62,31.17,1745500,26.99878
08/01/2008,31.55,31.87,31.07,31.09,1100500,26.92948
07/01/2008,31.8,31.95,31.09,31.28,2223600,27.09406
04/01/2008,32.38,32.38,31.68,31.73,1229000,27.48384
03/01/2008,32.47,32.78,32.27,32.54,617100,28.18544
02/01/2008,32.23,32.5,32.05,32.4,837800,28.06418
31/12/2007,32.52,32.54,32.08,32.12,583300,27.82165
28/12/2007,32.33,32.63,32.33,32.54,1157600,28.18544
27/12/2007,32.38,32.38,32.07,32.2,1003700,27.89094
26/12/2007,32.1,32.31,31.97,32.22,415400,27.90826
24/12/2007,31.75,32.11,31.7,32.1,584300,27.80432
21/12/2007,31.68,32.01,31.33,31.96,2387900,27.34612
20/12/2007,31.33,31.5,31.19,31.3,768200,26.78139
19/12/2007,30.99,31.4,30.99,31.17,1285800,26.67016
18/12/2007,31.17,31.3,30.67,31,7515400,26.5247
17/12/2007,31.21,31.58,30.98,31.03,755400,26.55037
14/12/2007,31.32,31.54,31.07,31.28,676300,26.76428
13/12/2007,31.78,31.78,31.04,31.45,2290200,26.90974
12/12/2007,31.89,32.2,31.47,31.71,1308500,27.13221
11/12/2007,32.19,32.5,31.36,31.4,972200,26.86696
10/12/2007,32.07,32.36,32.07,32.27,802700,27.61136
07/12/2007,32.02,32.21,31.95,32.07,1080100,27.44024
06/12/2007,31.45,31.95,31.45,31.94,1125500,27.329
05/12/2007,31.37,31.67,31.36,31.61,1239600,27.04664
04/12/2007,31.24,31.39,31.1,31.2,1758600,26.69583
03/12/2007,31.71,31.92,31.57,31.8,852800,27.20921
30/11/2007,32.15,32.29,31.72,31.91,1877000,27.30333
29/11/2007,32,32.41,31.79,32.41,954400,27.73115
28/11/2007,31.59,32.35,31.56,32.3,1888300,27.63703
27/11/2007,31.48,31.48,30.84,31.42,1711800,26.88407
26/11/2007,31.98,32.08,31.32,31.93,2338300,27.32045
23/11/2007,31.54,31.91,31.54,31.85,322400,27.252
21/11/2007,31.71,31.77,31.21,31.21,1278400,26.70439
20/11/2007,31.53,32.1,31.52,32.01,2757100,27.3889
19/11/2007,32.13,32.22,31.49,31.52,1274500,26.96964
16/11/2007,31.97,32.44,31.71,32.33,1195600,27.6627
15/11/2007,33,33.01,31.7,31.9,2640400,27.29478
14/11/2007,33.77,34.4,33.11,33.26,988700,28.45844
13/11/2007,32.98,33.46,32.85,33.46,1693400,28.62957
12/11/2007,33.72,33.84,32.58,32.67,1760200,27.95362
09/11/2007,34.9,34.9,34.22,34.24,1529000,29.29697
08/11/2007,35.92,35.97,34.5,35,2855900,29.94725
07/11/2007,36.58,36.68,35.52,35.55,2806800,30.41785
06/11/2007,35.94,36.42,35.94,36.42,1310300,31.16225
05/11/2007,35.7,35.77,35.31,35.65,1337800,30.50341
02/11/2007,35.67,35.97,35.27,35.91,2031000,30.72588
01/11/2007,35.94,35.94,35.06,35.13,1096700,30.05848
31/10/2007,35.05,36.08,35.02,36.08,1251500,30.87134
30/10/2007,35.13,35.13,34.75,34.81,876400,29.78468
29/10/2007,34.9,35.21,34.67,35.15,1134000,30.07559
26/10/2007,33.91,34.59,33.91,34.54,1590600,29.55366
25/10/2007,33.85,34.07,33.68,33.9,704600,29.00605
24/10/2007,33.78,33.82,33.16,33.82,684900,28.9376
23/10/2007,33.98,33.98,33.45,33.78,1365600,28.90337
22/10/2007,32.76,33.65,32.03,33.65,1013200,28.79214
19/10/2007,34.29,34.29,33.54,33.56,637600,28.71513
18/10/2007,33.83,34.47,33.72,34.47,736700,29.49376
17/10/2007,33.69,33.9,33.43,33.8,1134700,28.92048
16/10/2007,33.68,33.7,33.38,33.42,353100,28.59534
15/10/2007,34.18,34.23,33.59,33.73,499500,28.86059
12/10/2007,33.89,34.23,33.77,34.23,528700,29.28841
11/10/2007,34.15,34.28,33.47,33.72,723900,28.85204
10/10/2007,33.73,33.8,33.44,33.77,852900,28.89482
09/10/2007,33.13,33.67,33.13,33.59,610600,28.7408
08/10/2007,33.72,33.72,33.31,33.43,431300,28.6039
05/10/2007,33.35,33.7,33.18,33.58,915000,28.73225
04/10/2007,32.57,32.95,32.5,32.95,483700,28.1932
03/10/2007,32.65,33.02,32.54,32.56,686900,27.8595
02/10/2007,32.88,33.34,32.55,32.89,7060200,28.14186
01/10/2007,32.78,33.19,32.78,33.15,627800,28.36432
28/09/2007,32.94,32.98,32.69,32.73,4585100,28.00495
27/09/2007,32.44,32.84,32.43,32.67,491300,27.95362
26/09/2007,32.39,32.49,32.13,32.37,4177700,27.69692
25/09/2007,32.17,32.31,31.88,32.27,4247600,27.61136
24/09/2007,32.37,32.75,32,32.17,787700,27.5258
21/09/2007,32.02,32.33,31.96,32.16,608000,27.51724
20/09/2007,32.07,32.16,31.87,31.94,860600,27.329
19/09/2007,31.89,32.22,31.69,31.76,1037800,27.17499
18/09/2007,31.39,31.98,31.17,31.93,599900,27.32045
17/09/2007,31.12,31.25,30.87,31.08,682700,26.59315
14/09/2007,30.75,31.21,30.75,31.09,408500,26.60171
13/09/2007,30.89,31.13,30.61,30.9,759800,26.43914
12/09/2007,30.33,30.69,30.21,30.68,352600,26.2509
11/09/2007,30.05,30.4,30.05,30.31,339200,25.93432
10/09/2007,29.73,30,29.59,29.84,441700,25.53217
07/09/2007,30.19,30.19,29.76,29.97,1011800,25.6434
06/09/2007,30.14,30.27,29.94,30.24,944900,25.87442
05/09/2007,30.08,30.3,29.95,30.07,584700,25.72896
04/09/2007,29.73,30.42,29.73,30.29,823700,25.9172
31/08/2007,30.06,30.06,29.68,29.9,479400,25.58351
30/08/2007,29.31,29.58,29.11,29.42,316300,25.1728
29/08/2007,28.9,29.84,28.9,29.84,299400,25.53217
28/08/2007,29.27,29.27,28.7,28.74,319100,24.59097
27/08/2007,29.97,29.97,29.47,29.5,276600,25.24125
24/08/2007,29.68,29.78,29.43,29.77,482500,25.47227
23/08/2007,29.71,29.81,29.16,29.48,670800,25.22414
22/08/2007,29.27,29.36,28.99,29.28,538900,25.05301
21/08/2007,28.31,28.85,28.31,28.79,554400,24.63375
20/08/2007,28.69,28.84,28.25,28.68,543000,24.53963
17/08/2007,28.29,28.9,27.71,28.42,802700,24.31717
16/08/2007,27.73,27.8,26.5,27.52,1965500,23.54709
15/08/2007,28.37,28.58,27.85,27.87,1059100,23.84657
14/08/2007,29.27,29.35,28.29,28.55,785100,24.4284
13/08/2007,29.91,30.1,29.3,29.3,452800,25.07012
10/08/2007,28.91,29.44,28.73,29.37,864900,25.13002
09/08/2007,29.84,30.05,29.2,29.29,1039300,25.06157
08/08/2007,29.98,30.41,29.8,30.2,464700,25.8402
07/08/2007,29.75,29.75,29.23,29.53,459300,25.26692
06/08/2007,29.24,29.63,28.84,29.46,1019300,25.20703
03/08/2007,30.42,30.42,29.51,29.6,301200,25.32681
02/08/2007,30.14,30.26,29.55,30.18,1157300,25.82308
01/08/2007,29.88,30.14,29.2,29.59,628800,25.31826
31/07/2007,30.15,30.35,29.82,29.86,522400,25.54928
30/07/2007,29.68,29.9,29.54,29.83,521300,25.52361
27/07/2007,29.91,30.32,29.49,29.7,811400,25.41238
26/07/2007,30.94,31.12,29.82,30.16,517900,25.80597
25/07/2007,31.17,31.38,30.78,31.11,639200,26.61883
24/07/2007,31.85,31.97,31.07,31.18,709000,26.67872
23/07/2007,32.05,32.28,31.69,31.7,578200,27.12365
20/07/2007,32.2,32.54,31.88,31.92,530300,27.31189
19/07/2007,32.3,32.3,32.01,32.19,653200,27.54291
18/07/2007,31.54,32.06,31.42,32,1120800,27.38034
17/07/2007,31.5,31.73,31.5,31.6,350100,27.03809
16/07/2007,31.7,31.92,31.44,31.5,431100,26.95252
13/07/2007,31.48,31.77,31.43,31.7,802600,27.12365
12/07/2007,30.82,31.45,30.82,31.43,421700,26.89263
11/07/2007,30.59,30.75,30.41,30.75,454800,26.3108
10/07/2007,30.95,30.95,30.64,30.72,228300,26.28513
09/07/2007,30.98,31.25,30.7,30.9,1141200,26.43914
06/07/2007,30.62,30.89,30.58,30.84,531500,26.3878
05/07/2007,30.7,30.7,30.12,30.54,540500,26.13111
03/07/2007,30.54,30.69,30.22,30.32,373300,25.94287
02/07/2007,30.09,30.49,30,30.23,779100,25.86587
29/06/2007,29.75,30.31,29.69,29.86,758700,25.54928
28/06/2007,29.55,29.84,29.55,29.75,240900,25.45516
27/06/2007,29.2,29.43,28.81,29.39,1157800,25.14713
26/06/2007,29.79,29.79,29.15,29.15,502300,24.94178
25/06/2007,29.89,30,29.53,29.57,467300,25.30115
22/06/2007,30.39,30.39,29.78,29.83,789900,25.52361
21/06/2007,29.56,30.05,29.56,30.05,339900,25.71185
20/06/2007,30.35,30.63,29.93,29.98,284600,25.65196
19/06/2007,30.4,30.55,30.18,30.42,494100,26.02844
18/06/2007,30.53,30.79,30.21,30.66,1529800,26.23379
15/06/2007,30.67,30.67,30.14,30.58,1275300,26.16534
14/06/2007,30.1,30.13,29.85,30.13,675700,25.7803
13/06/2007,29.73,29.81,29.39,29.8,429100,25.49794
12/06/2007,29.56,29.87,29.36,29.36,462700,25.12146
11/06/2007,29.75,29.97,29.52,29.52,823800,25.25836
08/06/2007,29.28,29.75,24.24,29.65,1997300,25.3696
07/06/2007,29.59,30.14,29.33,29.33,997200,25.09579
06/06/2007,30.2,30.47,30,30.03,426800,25.69474
05/06/2007,30.72,30.72,30.33,30.42,432700,26.02844
04/06/2007,30.33,30.57,30.24,30.54,751900,26.13111
01/06/2007,29.96,30.47,29.96,30.46,3108800,26.06266
31/05/2007,30.67,30.67,30,30.1,1700200,25.75463
30/05/2007,29.55,30.07,29.5,30.07,366400,25.72896
29/05/2007,30.2,30.2,29.75,29.81,537100,25.5065
25/05/2007,29.79,29.86,29.6,29.8,211500,25.49794
24/05/2007,30.24,30.24,29.37,29.45,741600,25.19847
23/05/2007,30.11,30.21,29.63,29.63,512300,25.35248
22/05/2007,29.99,30,29.68,29.68,1041300,25.39527
21/05/2007,29.7,30.13,29.66,29.88,914700,25.56639
18/05/2007,29.83,29.83,29.48,29.73,267300,25.43805
17/05/2007,29.28,29.69,29.03,29.5,565600,25.24125
16/05/2007,29.23,29.23,28.88,29.13,214700,24.92467
15/05/2007,28.62,29.28,28.62,29.07,308200,24.87333
14/05/2007,28.76,28.95,28.57,28.73,579200,24.58241
11/05/2007,28.59,28.83,28.31,28.83,134000,24.66798
10/05/2007,28.98,28.98,28.34,28.4,227300,24.30005
09/05/2007,28.89,28.89,28.57,28.69,137200,24.54819
08/05/2007,28.51,28.76,28.47,28.7,464900,24.55674
07/05/2007,28.63,28.82,28.52,28.73,492500,24.58241
04/05/2007,28.15,28.42,28.15,28.37,298300,24.27438
03/05/2007,27.99,28.36,27.91,28.18,1154300,24.11181
02/05/2007,27.68,28,27.5,27.96,449900,23.92357
01/05/2007,27.7,27.76,27.34,27.5,228400,23.52998
30/04/2007,28.15,28.15,27.53,27.75,217000,23.74389
27/04/2007,27.71,27.98,27.62,27.88,240200,23.85512
26/04/2007,27.9,27.9,27.65,27.65,282300,23.65833
25/04/2007,27.78,28.03,27.75,28.02,564100,23.97491
24/04/2007,27.76,27.76,27.56,27.59,292900,23.60699
23/04/2007,27.66,27.8,27.2,27.69,143700,23.69255
20/04/2007,27.37,27.78,27.37,27.77,333800,23.761
19/04/2007,27.69,27.7,27.34,27.4,375000,23.44442
18/04/2007,27.36,27.76,27.36,27.72,139400,23.71822
17/04/2007,27.54,27.77,27.45,27.59,348800,23.60699
16/04/2007,27.46,27.75,27.46,27.75,306400,23.74389
13/04/2007,27.34,27.37,27.13,27.34,197700,23.39308
12/04/2007,26.85,27.26,26.83,27.26,1163800,23.32463
11/04/2007,27.07,27.07,26.75,26.92,150900,23.03371
10/04/2007,26.97,27.01,26.74,26.75,174800,22.88825
09/04/2007,26.78,27.1,26.7,26.8,208900,22.93103
05/04/2007,26.7,26.85,26.65,26.76,243400,22.89681
04/04/2007,26.67,26.67,26.34,26.58,393600,22.7428
03/04/2007,26.16,26.65,26.16,26.65,491800,22.80269
02/04/2007,26.26,26.85,25.83,26.35,185600,22.546
30/03/2007,26.43,26.43,26.02,26.15,257200,22.37487
29/03/2007,26.11,26.34,26.06,26.22,226800,22.43477
28/03/2007,25.91,26.2,25.91,26.01,420800,22.25508
27/03/2007,26.3,26.44,26.07,26.11,132900,22.34065
26/03/2007,26.41,26.41,25.95,26.18,185600,22.40054
23/03/2007,26.26,26.26,25.95,26.1,278500,22.33209
22/03/2007,26.43,26.43,25.9,25.96,309000,22.2123
21/03/2007,25.57,26.08,25.57,26.03,372200,22.2722
20/03/2007,25.57,25.69,25.43,25.6,437700,21.90427
19/03/2007,24.46,25.36,24.46,25.23,324600,21.58769
16/03/2007,25.06,25.26,24.85,25,541600,21.39089
15/03/2007,25.07,25.16,24.98,25.06,308600,21.44223
14/03/2007,24.81,25,24.58,24.94,325500,21.33955
13/03/2007,25.54,25.62,24.86,24.86,395800,21.2711
12/03/2007,26.38,26.38,25.41,25.41,178900,21.7417
09/03/2007,25.43,25.55,25.32,25.48,218000,21.8016
08/03/2007,25.69,25.69,25.2,25.27,255400,21.62191
07/03/2007,24.83,25.25,24.83,25.15,476600,21.51924
06/03/2007,24.75,25.09,24.75,24.97,263100,21.36522
05/03/2007,24.65,24.94,24.01,24.62,512600,21.06575
02/03/2007,25.24,25.32,24.87,24.88,572700,21.28821
01/03/2007,24.87,25.46,24.7,25.25,683200,21.6048
28/02/2007,26.02,26.02,25.25,25.49,238900,21.81015
27/02/2007,26.28,26.28,25.35,25.49,650100,21.81015
26/02/2007,26.75,26.75,26.37,26.42,262000,22.60589
23/02/2007,26.37,26.44,26.25,26.28,276000,22.4861
22/02/2007,26.3,26.38,26.05,26.22,222700,22.43477
21/02/2007,26.43,26.43,26.05,26.3,235100,22.50322
20/02/2007,26.06,26.06,25.89,26.02,409600,22.26364
16/02/2007,26.21,26.23,26.11,26.21,120500,22.42621
15/02/2007,26.05,26.18,25.96,26.18,130000,22.40054
14/02/2007,25.93,26.09,25.89,25.95,151400,22.20374
13/02/2007,25.58,25.9,25.48,25.9,740200,22.16096
12/02/2007,25.38,25.61,25.32,25.43,611500,21.75881
09/02/2007,25.59,25.77,25.49,25.53,148700,21.84438
08/02/2007,25.02,25.57,25.02,25.57,200600,21.8786
07/02/2007,25.56,25.61,25.3,25.44,411100,21.76737
06/02/2007,25.48,25.68,25.41,25.55,593300,21.86149
05/02/2007,25.23,25.5,25.2,25.47,262700,21.79304
02/02/2007,25.32,25.49,25.32,25.36,223400,21.69892
01/02/2007,25.39,25.62,25.39,25.52,229100,21.83582
31/01/2007,25.18,25.42,25.06,25.34,440600,21.68181
30/01/2007,25.08,25.25,24.99,25.25,233200,21.6048
29/01/2007,25.13,25.19,24.95,24.98,151800,21.37378
26/01/2007,25.02,25.49,25.02,25.15,187100,21.51924
25/01/2007,25.27,25.27,24.94,24.97,1239600,21.36522
24/01/2007,24.91,25.3,24.86,25.23,885900,21.58769
23/01/2007,24.24,25,24.24,24.98,368900,21.37378
22/01/2007,24.63,24.77,24.46,24.49,300700,20.95452
19/01/2007,24.28,24.79,24.28,24.77,279000,21.1941
18/01/2007,24.42,24.89,24.42,24.43,1514800,20.90318
17/01/2007,24.73,24.77,24.54,24.7,230100,21.1342
16/01/2007,24.3,24.92,24.3,24.44,854600,20.91174
12/01/2007,24.09,24.79,24.09,24.78,235600,21.20265
11/01/2007,24.61,24.61,24.1,24.24,260300,20.74061
10/01/2007,23.53,24.21,23.53,24.13,359400,20.64649
09/01/2007,24,24.29,24,24.16,236700,20.67216
08/01/2007,24.65,24.65,24.11,24.11,357300,20.62938
05/01/2007,24.72,24.72,24.14,24.27,483700,20.76628
04/01/2007,24.3,24.65,24.3,24.35,734200,20.83473
03/01/2007,25.19,25.29,24.67,24.75,548300,21.17698
29/12/2006,25.8,25.8,25.22,25.32,118800,21.66469
28/12/2006,24.83,25.43,24.83,25.35,125400,21.69036
27/12/2006,25.06,25.29,24.92,25.27,129500,21.62191
26/12/2006,24.96,25.1,24.85,24.89,190100,21.29677
22/12/2006,25.41,25.41,24.96,25.04,171100,21.42512
21/12/2006,25.74,25.74,25.03,25.12,610900,21.49357
20/12/2006,25.29,25.6,25.29,25.43,213000,21.75881
19/12/2006,25.02,25.65,25,25.54,231900,21.60908
18/12/2006,25.41,25.78,25.4,25.41,250600,21.49909
15/12/2006,25.92,26.04,25.65,25.65,263700,21.70215
14/12/2006,26.02,26.05,25.82,26.04,333400,22.03212
13/12/2006,25.88,25.88,25.7,25.81,218900,21.83752
12/12/2006,25.75,25.87,25.68,25.85,148900,21.87137
11/12/2006,26.01,26.08,25.88,25.94,225200,21.94751
08/12/2006,26.11,26.13,25.91,25.98,312800,21.98136
07/12/2006,26.07,26.07,25.84,25.97,294900,21.97289
06/12/2006,25.91,26.15,25.91,26.02,262600,22.0152
05/12/2006,26.22,26.24,25.95,26.17,205100,22.14211
04/12/2006,26.43,26.43,25.78,26.06,588600,22.04904
01/12/2006,25.77,25.85,25.6,25.77,205200,21.80368
30/11/2006,26.07,26.07,25.74,25.77,485300,21.80368
29/11/2006,25.84,25.84,25.51,25.74,252000,21.7783
28/11/2006,25.23,25.7,25.23,25.58,219800,21.64292
27/11/2006,25.78,25.88,25.47,25.56,352600,21.626
24/11/2006,25.32,25.87,25.32,25.78,171300,21.81214
22/11/2006,25.32,25.6,25.32,25.49,203100,21.56677
21/11/2006,24.97,25.5,24.97,25.44,823500,21.52447
20/11/2006,24.76,25.3,24.76,25.09,354000,21.22834
17/11/2006,24.73,25.08,24.72,24.99,446000,21.14373
16/11/2006,25.3,25.48,25.02,25.02,802500,21.16911
15/11/2006,24.96,25.28,24.93,25.23,184800,21.34679
14/11/2006,25.37,25.37,24.9,25.02,411900,21.16911
13/11/2006,24.82,25.4,24.82,25.02,279700,21.16911
10/11/2006,25.13,25.48,25.1,25.2,350700,21.32141
09/11/2006,25.12,25.53,25.12,25.41,202000,21.49909
08/11/2006,24.74,25.26,24.65,25.26,889100,21.37217
07/11/2006,25.81,25.81,25.04,25.1,949300,21.2368
06/11/2006,24.83,25.24,24.83,25.16,412300,21.28757
03/11/2006,24.7,25.02,24.7,24.95,1287100,21.10989
02/11/2006,24.35,24.8,24.32,24.8,1276000,20.98297
01/11/2006,24.5,24.78,24.25,24.41,953800,20.653
31/10/2006,24.7,25.14,24.64,25.14,424800,21.27064
30/10/2006,24.3,24.86,24.3,24.81,225200,20.99143
27/10/2006,24.57,25.22,24.57,24.74,314500,20.93221
26/10/2006,24.25,25.1,24.25,25.1,387200,21.2368
25/10/2006,24.91,25,24.46,24.96,1729900,21.11835
24/10/2006,24.89,24.89,24.25,24.64,587900,20.8476
23/10/2006,23.75,24.8,23.75,24.42,327600,20.66146
20/10/2006,23.6,24.55,23.6,24.32,287700,20.57685
19/10/2006,23.97,24.32,23.94,24.29,304500,20.55147
18/10/2006,24.03,24.08,23.81,23.86,180500,20.18765
17/10/2006,24.15,24.15,23.76,23.88,1252300,20.20457
16/10/2006,23.82,24.18,23.79,24.16,639300,20.44148
13/10/2006,23.45,23.79,23.45,23.79,1097400,20.12843
12/10/2006,23.26,23.41,23.2,23.41,627400,19.80691
11/10/2006,23.4,23.49,23.09,23.16,1557600,19.59539
10/10/2006,23.5,23.6,23.44,23.57,1073400,19.94229
09/10/2006,23.56,23.75,23.56,23.58,514500,19.95075
06/10/2006,23.5,23.71,23.42,23.6,553500,19.96767
05/10/2006,23.68,23.76,23.51,23.71,824400,20.06074
04/10/2006,23.2,23.43,22.89,23.39,1258200,19.78999
03/10/2006,23.65,23.75,23.25,23.25,948800,19.67154
02/10/2006,24,24.09,23.86,23.93,342400,20.24688
29/09/2006,24.1,24.12,23.92,24,324900,20.3061
28/09/2006,24.06,24.32,24.06,24.18,408100,20.4584
27/09/2006,23.81,24.04,23.67,24.04,450100,20.33995
26/09/2006,23.51,23.76,23.51,23.73,537000,20.07766
25/09/2006,23.45,23.52,23.17,23.51,1764600,19.89152
22/09/2006,23.66,23.75,23.39,23.43,332000,19.82383
21/09/2006,23.4,23.72,23.38,23.52,527800,19.89998
20/09/2006,23.5,23.67,23.32,23.33,890400,19.73923
19/09/2006,23.79,23.8,23.39,23.5,315400,19.88306
18/09/2006,23.5,23.88,23.5,23.84,878800,20.17073
15/09/2006,23.67,23.67,23.44,23.52,470700,19.89998
14/09/2006,23.02,23.95,23.02,23.5,367800,19.88306
13/09/2006,23.58,23.77,23.49,23.73,426600,20.07766
12/09/2006,23.56,23.79,23.46,23.54,853100,19.9169
11/09/2006,23.78,23.79,23.4,23.46,874900,19.84921
08/09/2006,24.11,24.16,23.94,24,704100,20.3061
07/09/2006,24.5,24.5,24.14,24.24,752800,20.50916
06/09/2006,24.83,24.83,24.55,24.55,1179500,20.77145
05/09/2006,24.77,24.97,24.77,24.95,484900,21.10989
01/09/2006,24.84,25.04,24.8,24.97,283600,21.12681
31/08/2006,24.79,24.92,24.67,24.75,388100,20.94067
30/08/2006,24.92,24.92,24.56,24.74,300800,20.93221
29/08/2006,24.88,24.88,24.51,24.8,1072500,20.98297
28/08/2006,24.68,24.92,24.67,24.86,287700,21.03374
25/08/2006,24.97,24.97,24.79,24.79,141300,20.97451
24/08/2006,25.05,25.05,24.75,24.77,139100,20.95759
23/08/2006,25,25.17,24.85,24.96,332400,21.11835
22/08/2006,24.71,24.93,24.71,24.93,478700,21.09296
21/08/2006,24.58,24.74,24.51,24.74,245900,20.93221
18/08/2006,24.48,24.48,24.16,24.32,170400,20.57685
17/08/2006,24.4,24.5,24.22,24.37,269900,20.61916
16/08/2006,24.48,24.58,24.37,24.45,323200,20.68684
15/08/2006,24.01,24.28,24.01,24.28,141500,20.54301
14/08/2006,24.15,24.15,23.84,23.93,368100,20.24688
11/08/2006,24.27,24.36,24.13,24.2,86000,20.47532
10/08/2006,24.24,24.33,24.01,24.18,421000,20.4584
09/08/2006,24.42,24.61,24.32,24.35,300500,20.60223
08/08/2006,24.35,24.46,24.2,24.33,675300,20.58531
07/08/2006,24.23,24.25,24.06,24.11,190600,20.39917
04/08/2006,24.21,24.39,23.93,24.08,204400,20.37379
03/08/2006,24.03,24.25,23.91,24.15,259900,20.43302
02/08/2006,24.05,24.28,24.05,24.16,405900,20.44148
01/08/2006,23.75,23.9,23.58,23.9,280000,20.22149
31/07/2006,23.98,23.98,23.71,23.78,208700,20.11996
28/07/2006,23.63,23.82,23.59,23.75,150500,20.09458
27/07/2006,24,24.04,23.48,23.52,313600,19.89998
26/07/2006,23.5,23.83,23.4,23.82,300200,20.15381
25/07/2006,23.25,23.48,23.18,23.48,218400,19.86614
24/07/2006,22.7,23.21,22.7,23.21,419500,19.63769
21/07/2006,23.07,23.08,22.82,22.85,787200,19.3331
20/07/2006,23.43,23.43,23.01,23.01,193900,19.46848
19/07/2006,22.84,23.37,22.84,23.34,432300,19.74769
18/07/2006,23.01,23.12,22.77,22.98,586500,19.44309
17/07/2006,23.28,23.35,22.92,22.92,443600,19.39233
14/07/2006,23.4,23.48,23.11,23.33,1043500,19.73923
13/07/2006,23.48,23.56,23.27,23.3,744300,19.71384
12/07/2006,23.74,23.8,23.56,23.59,243300,19.95921
11/07/2006,23.55,23.79,23.5,23.72,545300,20.0692
10/07/2006,23.53,23.68,23.46,23.56,621500,19.93382
07/07/2006,23.74,23.9,23.66,23.74,301300,20.08612
06/07/2006,23.76,23.96,23.68,23.74,323600,20.08612
05/07/2006,24,24,23.66,23.81,435300,20.14535
03/07/2006,23.99,24,23.25,23.99,214800,20.29764
30/06/2006,23.82,23.89,23.6,23.75,636300,20.09458
29/06/2006,23.15,23.63,23.1,23.55,614600,19.92536
28/06/2006,22.88,22.96,22.66,22.85,230100,19.3331
27/06/2006,23.07,23.1,22.77,22.87,428900,19.35003
26/06/2006,22.82,23.01,22.72,23.01,212000,19.46848
23/06/2006,22.5,22.79,22.43,22.7,326800,19.20619
22/06/2006,22.63,22.71,22.51,22.58,291500,19.10466
21/06/2006,22.49,22.85,22.4,22.74,467300,19.24003
20/06/2006,22.32,22.5,22.21,22.21,399900,18.7916
19/06/2006,22.6,22.6,22.18,22.24,463000,18.81699
16/06/2006,22.79,22.8,22.56,22.7,527700,19.20619
15/06/2006,22.58,22.92,22.55,22.92,826800,19.39233
14/06/2006,22.25,22.48,22.08,22.33,1090000,18.89314
13/06/2006,22.68,22.9,22.1,22.15,1959600,18.74084
12/06/2006,23.37,23.48,22.88,22.94,787300,19.40925
09/06/2006,23.42,23.52,23.16,23.24,435900,19.66308
08/06/2006,23.07,23.07,22.43,22.96,1887200,19.42617
07/06/2006,23.49,23.72,23.26,23.36,831800,19.76461
06/06/2006,23.78,23.83,23.5,23.78,1065400,20.11996
05/06/2006,24.48,24.55,24,24.01,517800,20.31456
02/06/2006,24.58,24.6,24.4,24.52,813600,20.74607
01/06/2006,23.86,24.44,23.79,24.3,864700,20.55993
31/05/2006,24.3,24.37,24.09,24.3,1017600,20.55993
30/05/2006,24.38,24.4,24.02,24.02,654500,20.32302
26/05/2006,24.01,24.12,23.88,24.12,890100,20.40763
25/05/2006,23.5,23.91,23.44,23.91,503600,20.22996
24/05/2006,23.03,23.26,22.79,23.07,894000,19.51924
23/05/2006,23.46,23.68,23.27,23.29,689200,19.70538
22/05/2006,23.11,23.3,22.81,23.27,1825800,19.68846
19/05/2006,23.16,23.5,22.92,23.47,991200,19.85768
18/05/2006,23.81,23.81,23.29,23.39,1208600,19.78999
17/05/2006,24.3,24.33,23.67,23.71,732900,20.06074
16/05/2006,24.3,24.42,23.95,24.21,773200,20.48378
15/05/2006,24.5,24.5,23.88,24.12,1065600,20.40763
12/05/2006,25.01,25.01,24.49,24.68,2194000,20.88144
11/05/2006,25.52,25.57,25.02,25.09,728100,21.22834
10/05/2006,25.48,25.52,25.32,25.48,863800,21.55831
09/05/2006,25.23,25.62,25.23,25.46,861000,21.54139
08/05/2006,25.19,25.21,24.91,25.15,907200,21.2791
05/05/2006,25.12,25.25,25.06,25.25,552500,21.36371
04/05/2006,24.97,25.11,24.87,24.93,766600,21.09296
03/05/2006,25.33,25.33,24.93,25.04,617700,21.18604
02/05/2006,25.09,25.24,25.01,25.24,627300,21.35525
01/05/2006,25,25.23,24.89,24.97,665800,21.12681
28/04/2006,24.82,24.92,24.72,24.86,433300,21.03374
27/04/2006,24.6,24.97,24.5,24.7,1351100,20.89837
26/04/2006,25.02,25.06,24.8,24.87,1193600,21.0422
25/04/2006,24.84,25.03,24.68,24.8,400100,20.98297
24/04/2006,24.8,24.86,24.63,24.76,299500,20.94913
21/04/2006,24.85,24.91,24.74,24.91,756800,21.07604
20/04/2006,25.46,25.46,24.56,24.6,935900,20.81376
19/04/2006,24.9,25.11,24.82,25.07,1000300,21.21142
18/04/2006,24.57,24.93,24.56,24.92,432400,21.0845
17/04/2006,24.37,24.55,24.37,24.48,423900,20.71222
13/04/2006,24.15,24.25,23.93,24.25,379100,20.51763
12/04/2006,24.31,24.31,24.1,24.21,476200,20.48378
11/04/2006,24.63,24.63,24.18,24.22,634500,20.49224
10/04/2006,24.45,24.49,24.25,24.35,691300,20.60223
07/04/2006,24.5,24.55,24.23,24.25,1058500,20.51763
06/04/2006,24.29,24.48,24.18,24.41,530100,20.653
05/04/2006,23.9,24.2,23.9,24.12,457500,20.40763
04/04/2006,23.84,23.95,23.71,23.88,874700,20.20457
