CBOE data is compiled for the convenience of site visitors and is furnished without responsibility for accuracy and is accepted by the site visitor on the condition that transmission or omissions shall not be made the basis for any claim demand or cause for action.  Your use of CBOE data is subject to the Terms and Conditions of CBOE's Websites.,,,,
VXMT,,,,
Date,Open,High,Low,Close
1/7/2008,,,,24.22
1/8/2008,,,,25.18
1/9/2008,,,,24.48
1/10/2008,,,,24.57
1/11/2008,,,,24.96
1/14/2008,,,,24.41
1/15/2008,,,,24.9
1/16/2008,,,,24.64
1/17/2008,,,,26.52
1/18/2008,,,,26.11
1/22/2008,,,,26.87
1/23/2008,,,,25.73
1/24/2008,,,,25.74
1/25/2008,,,,26.48
1/28/2008,,,,25.73
1/29/2008,,,,25.43
1/30/2008,,,,25.68
1/31/2008,,,,22.83
2/1/2008,,,,24.18
2/4/2008,,,,25.13
2/5/2008,,,,26.58
2/6/2008,,,,27.23
2/7/2008,,,,26.47
2/8/2008,,,,26.77
2/11/2008,,,,26.38
2/12/2008,,,,26.1
2/13/2008,,,,25.53
2/14/2008,,,,25.67
2/15/2008,,,,25.65
2/19/2008,,,,25.5
2/20/2008,,,,24.95
2/21/2008,,,,25.33
2/22/2008,,,,24.79
2/25/2008,,,,24.3
2/26/2008,,,,23.78
2/27/2008,,,,24.17
2/28/2008,,,,24.61
2/29/2008,,,,26.33
3/3/2008,,,,25.91
3/4/2008,,,,25.52
3/5/2008,,,,24.8
3/6/2008,,,,26.44
3/7/2008,,,,26.51
3/10/2008,,,,27.51
3/11/2008,,,,25.77
3/12/2008,,,,26.91
3/13/2008,,,,27.03
3/14/2008,,,,28.48
3/17/2008,,,,28.41
3/18/2008,,,,25.61
3/19/2008,,,,27.83
3/20/2008,,,,26.56
3/24/2008,,,,25.91
3/25/2008,,,,26.14
3/26/2008,,,,26.49
3/27/2008,,,,26.27
3/28/2008,,,,26.24
3/31/2008,,,,25.75
4/1/2008,,,,24.2
4/2/2008,,,,24.66
4/3/2008,,,,24.64
4/4/2008,,,,24.06
4/7/2008,,,,23.7
4/8/2008,,,,23.66
4/9/2008,,,,24.11
4/10/2008,,,,23.68
4/11/2008,,,,24.55
4/14/2008,,,,24.72
4/15/2008,,,,24.26
4/16/2008,,,,22.72
4/17/2008,,,,22.63
4/18/2008,,,,22.29
4/21/2008,,,,22.25
4/22/2008,,,,22.67
4/23/2008,,,,22.65
4/24/2008,,,,22.27
4/25/2008,,,,21.68
4/28/2008,,,,21.45
4/29/2008,,,,21.72
4/30/2008,,,,21.93
5/1/2008,,,,20.77
5/2/2008,,,,20.59
5/5/2008,,,,21.05
5/6/2008,,,,20.91
5/7/2008,,,,21.9
5/8/2008,,,,21.83
5/9/2008,,,,21.91
5/12/2008,,,,21.33
5/13/2008,,,,21.29
5/14/2008,,,,21.18
5/15/2008,,,,20.79
5/16/2008,,,,21.2
5/19/2008,,,,21.37
5/20/2008,,,,22.11
5/21/2008,,,,23.34
5/22/2008,,,,22.92
5/23/2008,,,,23.69
5/27/2008,,,,23.22
5/28/2008,,,,22.96
5/29/2008,,,,22.44
5/30/2008,,,,22.04
6/2/2008,,,,22.99
6/3/2008,,,,23.36
6/4/2008,,,,23.73
6/5/2008,,,,22.47
6/6/2008,,,,24.82
6/9/2008,,,,24.52
6/10/2008,,,,24.45
6/11/2008,,,,24.83
6/12/2008,,,,24.34
6/13/2008,,,,23.27
6/16/2008,,,,22.91
6/17/2008,,,,23.07
6/18/2008,,,,23.93
6/19/2008,,,,23.3
6/20/2008,,,,23.78
6/23/2008,,,,23.71
6/24/2008,,,,23.67
6/25/2008,,,,22.88
6/26/2008,,,,24.47
6/27/2008,,,,24.29
6/30/2008,,,,24.17
7/1/2008,,,,24.07
7/2/2008,,,,25.1
7/3/2008,,,,24.67
7/7/2008,,,,25.01
7/8/2008,,,,23.64
7/9/2008,,,,24.71
7/10/2008,,,,24.69
7/11/2008,,,,25.5
7/14/2008,,,,25.93
7/15/2008,,,,26.2
7/16/2008,,,,24.57
7/17/2008,,,,24.33
7/18/2008,,,,23.97
7/21/2008,,,,23.57
7/22/2008,,,,22.71
7/23/2008,,,,22.91
7/24/2008,,,,24.06
7/25/2008,,,,23.89
7/28/2008,,,,24.47
7/29/2008,,,,23.06
7/30/2008,,,,22.36
7/31/2008,,,,23.22
8/1/2008,,,,23.38
8/4/2008,,,,23.65
8/5/2008,,,,22.34
8/6/2008,,,,22.18
8/7/2008,,,,22.78
8/8/2008,,,,22.56
8/11/2008,,,,22.46
8/12/2008,,,,23.08
8/13/2008,,,,23.43
8/14/2008,,,,22.82
8/15/2008,,,,22.57
8/18/2008,,,,23.11
8/19/2008,,,,23.37
8/20/2008,,,,23.01
8/21/2008,,,,22.89
8/22/2008,,,,22.54
8/25/2008,,,,23.35
8/26/2008,,,,23.23
8/27/2008,,,,22.85
8/28/2008,,,,22.48
8/29/2008,,,,23.18
9/2/2008,,,,23.54
9/3/2008,,,,23.32
9/4/2008,,,,24.27
9/5/2008,,,,23.97
9/8/2008,,,,23.43
9/9/2008,,,,24.78
9/10/2008,,,,24.3
9/11/2008,,,,24.09
9/12/2008,,,,24.57
9/15/2008,,,,26.46
9/16/2008,,,,25.56
9/17/2008,,,,27.84
9/18/2008,,,,26.12
9/19/2008,,,,26.14
9/22/2008,,,,27.44
9/23/2008,,,,28.57
9/24/2008,,,,28.37
9/25/2008,,,,27.31
9/26/2008,,,,27.7
9/29/2008,,,,32.03
9/30/2008,,,,29.77
10/1/2008,,,,30.36
10/2/2008,,,,32.2
10/3/2008,,,,32.66
10/6/2008,,,,33.64
10/7/2008,,,,34.45
10/8/2008,,,,38.13
10/9/2008,,,,42.33
10/10/2008,,,,45.22
10/13/2008,,,,37.85
10/14/2008,,,,38.65
10/15/2008,,,,44.59
10/16/2008,,,,43.53
10/17/2008,,,,45.79
10/20/2008,,,,40.17
10/21/2008,,,,40.68
10/22/2008,,,,45.28
10/23/2008,,,,45.47
10/24/2008,,,,50.85
10/27/2008,,,,52.29
10/28/2008,,,,47.54
10/29/2008,,,,50.06
10/30/2008,,,,47.82
10/31/2008,,,,48.44
11/3/2008,,,,46.54
11/4/2008,,,,43.28
11/5/2008,,,,45.86
11/6/2008,,,,50.44
11/7/2008,,,,47.26
11/10/2008,,,,48.94
11/11/2008,,,,50.22
11/12/2008,,,,52.95
11/13/2008,,,,49.21
11/14/2008,,,,53.93
11/17/2008,,,,55.16
11/18/2008,,,,52.88
11/19/2008,,,,58.59
11/20/2008,,,,61.47
11/21/2008,,,,57.71
11/24/2008,,,,52.22
11/25/2008,,,,51.57
11/26/2008,,,,48.55
11/28/2008,,,,49.05
12/1/2008,,,,55.4
12/2/2008,,,,53.49
12/3/2008,,,,52.63
12/4/2008,,,,55.88
12/5/2008,,,,53.5
12/8/2008,,,,52.31
12/9/2008,,,,53.67
12/10/2008,,,,52.74
12/11/2008,,,,52.68
12/12/2008,,,,51.92
12/15/2008,,,,51.87
12/16/2008,,,,49.48
12/17/2008,,,,48.86
12/18/2008,,,,47.6
12/19/2008,,,,45.67
12/22/2008,,,,45.27
12/23/2008,,,,45.47
12/24/2008,,,,45.06
12/26/2008,,,,44.48
12/29/2008,,,,44.27
12/30/2008,,,,42.82
12/31/2008,,,,41.61
1/2/2009,,,,39.21
1/5/2009,,,,39.3
1/6/2009,,,,38.69
1/7/2009,,,,41.21
1/8/2009,,,,41.65
1/9/2009,,,,42.35
1/12/2009,,,,44.5
1/13/2009,,,,44.45
1/14/2009,,,,47.6
1/15/2009,,,,48.23
1/16/2009,,,,47.03
1/20/2009,,,,51.3
1/21/2009,,,,47.27
1/22/2009,,,,47.96
1/23/2009,,,,47.06
1/26/2009,,,,45.65
1/27/2009,,,,44.11
1/28/2009,,,,41.68
1/29/2009,,,,42.61
1/30/2009,,,,43.78
2/2/2009,,,,43.28
2/3/2009,,,,42.17
2/4/2009,,,,41.97
2/5/2009,,,,41.92
2/6/2009,,,,41.46
2/9/2009,,,,41.3
2/10/2009,,,,43.88
2/11/2009,,,,42.82
2/12/2009,,,,42.03
2/13/2009,,,,41.8
2/17/2009,,,,44.13
2/18/2009,,,,44.57
2/19/2009,,,,44.14
2/20/2009,,,,45.23
2/23/2009,,,,47.19
2/24/2009,,,,43.65
2/25/2009,,,,43.65
2/26/2009,,,,43.51
2/27/2009,,,,44.05
3/2/2009,,,,46.9
3/3/2009,,,,46.16
3/4/2009,,,,43.35
3/5/2009,,,,44.65
3/6/2009,,,,44.11
3/9/2009,,,,43.96
3/10/2009,,,,40.84
3/11/2009,,,,41.05
3/12/2009,,,,39.78
3/13/2009,,,,40.83
3/16/2009,,,,41.15
3/17/2009,,,,39.58
3/18/2009,,,,39.75
3/19/2009,,,,42.13
3/20/2009,,,,44.27
3/23/2009,,,,41.41
3/24/2009,,,,41.78
3/25/2009,,,,40.63
3/26/2009,,,,40.34
3/27/2009,,,,41.54
3/30/2009,,,,43.82
3/31/2009,,,,42.96
4/1/2009,,,,42.35
4/2/2009,,,,41.76
4/3/2009,,,,41.31
4/6/2009,,,,41.61
4/7/2009,,,,41.84
4/8/2009,,,,41.12
4/9/2009,,,,40.26
4/13/2009,,,,39.96
4/14/2009,,,,40.2
4/15/2009,,,,39.38
4/16/2009,,,,38.61
4/17/2009,,,,37.49
4/20/2009,,,,39.37
4/21/2009,,,,38.3
4/22/2009,,,,38.95
4/23/2009,,,,38.55
4/24/2009,,,,38.33
4/27/2009,,,,38.88
4/28/2009,,,,38.74
4/29/2009,,,,37.36
4/30/2009,,,,36.84
5/1/2009,,,,36.38
5/4/2009,,,,35.44
5/5/2009,,,,35.37
5/6/2009,,,,34.34
5/7/2009,,,,34.74
5/8/2009,,,,33.71
5/11/2009,,,,34.16
5/12/2009,,,,33.9
5/13/2009,,,,34.56
5/14/2009,,,,33.14
5/15/2009,,,,33.85
5/18/2009,,,,32.22
5/19/2009,,,,31.5
5/20/2009,,,,31.75
5/21/2009,,,,33.01
5/22/2009,,,,33.72
5/26/2009,,,,32.31
5/27/2009,,,,33.11
5/28/2009,,,,32.93
5/29/2009,,,,31.8
6/1/2009,,,,31.72
6/2/2009,,,,31.66
6/3/2009,,,,32.88
6/4/2009,,,,32.55
6/5/2009,,,,32.65
6/8/2009,,,,32.73
6/9/2009,,,,32.1
6/10/2009,,,,32.04
6/11/2009,,,,31.35
6/12/2009,,,,31
6/15/2009,,,,32.51
6/16/2009,,,,33.25
6/17/2009,,,,33.09
6/18/2009,,,,32.46
6/19/2009,,,,32.2
6/22/2009,,,,33.35
6/23/2009,,,,32.99
6/24/2009,,,,32.17
6/25/2009,,,,30.93
6/26/2009,,,,30.77
6/29/2009,,,,29.77
6/30/2009,,,,30.08
7/1/2009,,,,30.13
7/2/2009,,,,31.21
7/6/2009,,,,31.41
7/7/2009,,,,32.27
7/8/2009,,,,32.98
7/9/2009,,,,32.19
7/10/2009,,,,32.19
7/13/2009,,,,31.13
7/14/2009,,,,30.8
7/15/2009,,,,30.3
7/16/2009,,,,30.04
7/17/2009,,,,29.75
7/20/2009,,,,29.11
7/21/2009,,,,28.81
7/22/2009,,,,28.63
7/23/2009,,,,28.38
7/24/2009,,,,27.93
7/27/2009,,,,28.29
7/28/2009,,,,29.14
7/29/2009,,,,29.46
7/30/2009,,,,29.24
7/31/2009,,,,29.06
8/3/2009,,,,28.78
8/4/2009,,,,28.48
8/5/2009,,,,28.64
8/6/2009,,,,29.05
8/7/2009,,,,28.36
8/10/2009,,,,28.31
8/11/2009,,,,29.19
8/12/2009,,,,28.86
8/13/2009,,,,28.73
8/14/2009,,,,28.54
8/17/2009,,,,30.75
8/18/2009,,,,30.09
8/19/2009,,,,29.97
8/20/2009,,,,29.73
8/21/2009,,,,29.3
8/24/2009,,,,29.7
8/25/2009,,,,29.65
8/26/2009,,,,29.87
8/27/2009,,,,29.77
8/28/2009,,,,29.49
8/31/2009,,,,30.13
9/1/2009,,,,31.53
9/2/2009,,,,31.62
9/3/2009,,,,30.5
9/4/2009,,,,29.67
9/8/2009,,,,29.32
9/9/2009,,,,28.58
9/10/2009,,,,27.83
9/11/2009,,,,27.83
9/14/2009,,,,27.56
9/15/2009,,,,27.55
9/16/2009,,,,27.54
9/17/2009,,,,27.2
9/18/2009,,,,27.63
9/21/2009,,,,27.54
9/22/2009,,,,27.32
9/23/2009,,,,27.6
9/24/2009,,,,28.5
9/25/2009,,,,28.47
9/28/2009,,,,27.84
9/29/2009,,,,28
9/30/2009,,,,27.77
10/1/2009,,,,29.28
10/2/2009,,,,29.66
10/5/2009,,,,28.73
10/6/2009,,,,28.06
10/7/2009,,,,27.59
10/8/2009,,,,27.32
10/9/2009,,,,26.75
10/12/2009,,,,26.75
10/13/2009,,,,26.79
10/14/2009,,,,26.58
10/15/2009,,,,26.16
10/16/2009,,,,26.32
10/19/2009,,,,25.94
10/20/2009,,,,25.86
10/21/2009,,,,26.41
10/22/2009,,,,25.59
10/23/2009,,,,26.28
10/26/2009,,,,27.07
10/27/2009,,,,27.11
10/28/2009,,,,28.29
10/29/2009,,,,27.12
10/30/2009,,,,29.49
11/2/2009,,,,29.36
11/3/2009,,,,29.32
11/4/2009,,,,29.04
11/5/2009,,,,27.92
11/6/2009,,,,27.47
11/9/2009,,,,26.77
11/10/2009,,,,26.74
11/11/2009,,,,27.02
11/12/2009,,,,27.8
11/13/2009,,,,27.56
11/16/2009,,,,27.19
11/17/2009,,,,27.2
11/18/2009,,,,27.19
11/19/2009,,,,27.58
11/20/2009,,,,27.19
11/23/2009,,,,26.61
11/24/2009,,,,26.52
11/25/2009,,,,26.17
11/27/2009,,,,27.99
11/30/2009,,,,27.73
12/1/2009,,,,26.99
12/2/2009,,,,26.98
12/3/2009,,,,27.46
12/4/2009,,,,26.94
12/7/2009,,,,27.1
12/8/2009,,,,27.75
12/9/2009,,,,27.53
12/10/2009,,,,27.2
12/11/2009,,,,26.96
12/14/2009,,,,26.73
12/15/2009,,,,26.72
12/16/2009,,,,26.07
12/17/2009,,,,26.37
12/18/2009,,,,26.18
12/21/2009,,,,25.51
12/22/2009,,,,24.82
12/23/2009,,,,24.78
12/24/2009,,,,24.56
12/28/2009,,,,24.55
12/29/2009,,,,24.53
12/30/2009,,,,24.66
12/31/2009,,,,25.66
1/4/2010,,,,24.61
1/5/2010,,,,24.22
1/6/2010,,,,23.8
1/7/2010,,,,23.44
1/8/2010,,,,22.92
1/11/2010,,,,22.89
1/12/2010,,,,23.12
1/13/2010,,,,22.76
1/14/2010,,,,22.41
1/15/2010,,,,23.02
1/19/2010,,,,22.45
1/20/2010,,,,22.66
1/21/2010,,,,24.15
1/22/2010,,,,26.18
1/25/2010,,,,25.5
1/26/2010,,,,25.52
1/27/2010,,,,24.88
1/28/2010,,,,25.38
1/29/2010,,,,25.69
2/1/2010,,,,24.78
2/2/2010,,,,24.12
2/3/2010,,,,24.12
2/4/2010,,,,26.37
2/5/2010,,,,26.65
2/8/2010,,,,26.88
2/9/2010,,,,26.65
2/10/2010,,,,26.46
2/11/2010,,,,25.67
2/12/2010,,,,25.58
2/16/2010,,,,24.88
2/17/2010,,,,24.55
2/18/2010,,,,23.96
2/19/2010,,,,23.53
2/22/2010,,,,23.03
2/23/2010,,,,23.71
2/24/2010,,,,23.15
2/25/2010,,,,23.4
2/26/2010,,,,23.01
3/1/2010,,,,22.71
3/2/2010,,,,22.48
3/3/2010,,,,22.46
3/4/2010,,,,22.49
3/5/2010,,,,22.15
3/8/2010,,,,21.89
3/9/2010,,,,21.74
3/10/2010,,,,22.15
3/11/2010,,,,22.76
3/12/2010,,,,22.32
3/15/2010,,,,22.25
3/16/2010,,,,21.94
3/17/2010,,,,21.45
3/18/2010,,,,21.37
3/19/2010,,,,21.84
3/22/2010,,,,21.65
3/23/2010,,,,21.39
3/24/2010,,,,21.84
3/25/2010,,,,22.06
3/26/2010,,,,21.73
3/29/2010,,,,21.61
3/30/2010,,,,21.4
3/31/2010,,,,21.58
4/1/2010,,,,21.7
4/5/2010,,,,21.2
4/6/2010,,,,20.94
4/7/2010,,,,21.26
4/8/2010,,,,21.2
4/9/2010,,,,20.9
4/12/2010,,,,21
4/13/2010,,,,21.19
4/14/2010,,,,21.02
4/15/2010,,,,21.22
4/16/2010,,,,22.3
4/19/2010,,,,22.13
4/20/2010,,,,21.58
4/21/2010,,,,21.9
4/22/2010,,,,22.06
4/23/2010,,,,22.08
4/26/2010,,,,22.38
4/27/2010,,,,24.36
4/28/2010,,,,24.2
4/29/2010,,,,23.31
4/30/2010,,,,25.26
5/3/2010,,,,24.58
5/4/2010,,,,26.57
5/5/2010,,,,27.74
5/6/2010,,,,31.02
5/7/2010,,,,35.3
5/10/2010,,,,29.98
5/11/2010,,,,30.61
5/12/2010,,,,27.9
5/13/2010,,,,28.33
5/14/2010,,,,30.8
5/17/2010,,,,30.72
5/18/2010,,,,32.69
5/19/2010,,,,33.81
5/20/2010,,,,38.83
5/21/2010,,,,36.87
5/24/2010,,,,36.38
5/25/2010,,,,35.64
5/26/2010,,,,34.89
5/27/2010,,,,32.16
5/28/2010,,,,32.16
6/1/2010,,,,33.56
6/2/2010,,,,31.97
6/3/2010,,,,31.29
6/4/2010,,,,34.26
6/7/2010,,,,35.03
6/8/2010,,,,34.03
6/9/2010,,,,34.3
6/10/2010,,,,32.54
6/11/2010,,,,31.97
6/14/2010,,,,31.86
6/15/2010,,,,30.11
6/16/2010,,,,30.24
6/17/2010,,,,29.79
6/18/2010,,,,28.94
6/21/2010,,,,28.97
6/22/2010,,,,30.28
6/23/2010,,,,30.72
6/24/2010,,,,32.82
6/25/2010,,,,32.46
6/28/2010,,,,32.33
6/29/2010,,,,35.05
6/30/2010,,,,35.69
7/1/2010,,,,35.69
7/2/2010,,,,35.16
7/6/2010,,,,34.14
7/7/2010,,,,32.24
7/8/2010,,,,31.54
7/9/2010,,,,30.91
7/12/2010,,,,31.15
7/13/2010,,,,30.54
7/14/2010,,,,31.2
7/15/2010,,,,31.61
7/16/2010,,,,32.76
7/19/2010,,,,32.63
7/20/2010,,,,30.53
7/21/2010,,,,31.31
7/22/2010,,,,30.39
7/23/2010,,,,29.65
7/26/2010,,,,29.11
7/27/2010,,,,28.96
7/28/2010,,,,28.88
7/29/2010,,,,28.97
7/30/2010,,,,28.53
8/2/2010,,,,27.44
8/3/2010,,,,28.02
8/4/2010,,,,27.9
8/5/2010,,,,28.14
8/6/2010,,,,28.15
8/9/2010,,,,28.14
8/10/2010,,,,28.49
8/11/2010,,,,30.43
8/12/2010,,,,30.99
8/13/2010,,,,31.59
8/16/2010,,,,31.41
8/17/2010,,,,30.65
8/18/2010,,,,30.55
8/19/2010,,,,31.34
8/20/2010,,,,31.42
8/23/2010,,,,31.28
8/24/2010,,,,32.08
8/25/2010,,,,31.55
8/26/2010,,,,32.2
8/27/2010,,,,30.58
8/30/2010,,,,32.02
8/31/2010,,,,31.43
9/1/2010,,,,29.99
9/2/2010,,,,29.43
9/3/2010,,,,28.21
9/7/2010,,,,29.38
9/8/2010,,,,28.91
9/9/2010,,,,28.48
9/10/2010,,,,27.96
9/13/2010,,,,27.15
9/14/2010,,,,27.09
9/15/2010,,,,27.27
9/16/2010,,,,27.28
9/17/2010,,,,27.63
9/20/2010,,,,27.24
9/21/2010,,,,27.78
9/22/2010,,,,28.27
9/23/2010,,,,29.13
9/24/2010,,,,28.03
9/27/2010,,,,28.32
9/28/2010,,,,28.39
9/29/2010,,,,28.9
9/30/2010,,,,29.03
10/1/2010,,,,28.94
10/4/2010,,,,29.42
10/5/2010,,,,28.35
10/6/2010,,,,28.39
10/7/2010,,,,28.36
10/8/2010,,,,27.75
10/11/2010,,,,27.55
10/12/2010,,,,27.03
10/13/2010,,,,26.65
10/14/2010,,,,27.23
10/15/2010,,,,26.86
10/18/2010,,,,26.57
10/19/2010,,,,27.2
10/20/2010,,,,26.37
10/21/2010,,,,26
10/22/2010,,,,25.52
10/25/2010,,,,25.49
10/26/2010,,,,25.73
10/27/2010,,,,25.96
10/28/2010,,,,25.85
10/29/2010,,,,25.62
11/1/2010,,,,26.16
11/2/2010,,,,25.91
11/3/2010,,,,24.73
11/4/2010,,,,23.6
11/5/2010,,,,23.8
11/8/2010,,,,24.09
11/9/2010,,,,24.4
11/10/2010,,,,24.52
11/11/2010,,,,24.68
11/12/2010,,,,25.78
11/15/2010,,,,25.63
11/16/2010,,,,26.76
11/17/2010,,,,26.51
11/18/2010,,,,25.37
11/19/2010,,,,25
11/22/2010,,,,24.5
11/23/2010,,,,25.36
11/24/2010,,,,24.8
11/26/2010,,,,26.08
11/29/2010,,,,26.15
11/30/2010,,,,27.14
12/1/2010,,,,26.4
12/2/2010,,,,24.87
12/3/2010,,,,24.09
12/6/2010,,,,23.94
12/7/2010,,,,23.8
12/8/2010,,,,23.27
12/9/2010,,,,22.87
12/10/2010,,,,22.63
12/13/2010,,,,23.04
12/14/2010,,,,23.03
12/15/2010,,,,23.31
12/16/2010,,,,23.21
12/17/2010,,,,23.12
12/20/2010,,,,23.02
12/21/2010,,,,22.9
12/22/2010,,,,22.69
12/23/2010,,,,23.4
12/27/2010,,,,23.69
12/28/2010,,,,23.91
12/29/2010,,,,23.97
12/30/2010,,,,24.03
12/31/2010,,,,23.75
1/3/2011,,,,23.4
1/4/2011,,,,23.19
1/5/2011,,,,22.78
1/6/2011,,,,22.87
1/7/2011,,,,22.92
1/10/2011,,,,22.93
1/11/2011,,,,22.71
1/12/2011,,,,21.94
1/13/2011,,,,21.91
1/14/2011,,,,21.33
1/18/2011,,,,21.29
1/19/2011,,,,22.04
1/20/2011,,,,22.15
1/21/2011,,,,22.25
1/24/2011,,,,21.98
1/25/2011,,,,21.82
1/26/2011,,,,21.24
1/27/2011,,,,20.83
1/28/2011,,,,22.34
1/31/2011,,,,21.88
2/1/2011,,,,21.1
2/2/2011,,,,21.22
2/3/2011,,,,21
2/4/2011,,,,20.6
2/7/2011,,,,20.36
2/8/2011,,,,20.08
2/9/2011,,,,20.09
2/10/2011,,,,20.16
2/11/2011,,,,19.85
2/14/2011,,,,20.03
2/15/2011,,,,20.24
2/16/2011,,,,20.33
2/17/2011,,,,20.71
2/18/2011,,,,20.92
2/22/2011,,,,22.99
2/23/2011,,,,23.88
2/24/2011,,,,23.86
2/25/2011,,,,22.71
2/28/2011,,,,21.75
3/1/2011,,,,23.31
3/2/2011,,,,23.29
3/3/2011,,,,22.29
3/4/2011,,,,22.67
3/7/2011,,,,23.46
3/8/2011,,,,23.13
3/9/2011,,,,23.47
3/10/2011,,,,24.27
3/11/2011,,,,23.69
3/14/2011,,,,24
3/15/2011,,,,25.27
3/16/2011,,,,27.1
3/17/2011,,,,26.09
3/18/2011,,,,25.36
3/21/2011,,,,23.45
3/22/2011,,,,23.34
3/23/2011,,,,22.75
3/24/2011,,,,22.19
3/25/2011,,,,22.15
3/28/2011,,,,22.63
3/29/2011,,,,22.05
3/30/2011,,,,21.75
3/31/2011,,,,21.93
4/1/2011,,,,21.76
4/4/2011,,,,21.66
4/5/2011,,,,21.65
4/6/2011,,,,21.63
4/7/2011,,,,21.83
4/8/2011,,,,22.32
4/11/2011,,,,22.31
4/12/2011,,,,22.63
4/13/2011,,,,22.36
4/14/2011,,,,22.34
4/15/2011,,,,21.88
4/18/2011,,,,22.49
4/19/2011,,,,21.97
4/20/2011,,,,21.37
4/21/2011,,,,21.21
4/25/2011,,,,21.36
4/26/2011,,,,20.96
4/27/2011,,,,20.64
4/28/2011,,,,20.29
4/29/2011,,,,20.25
5/2/2011,,,,21.06
5/3/2011,,,,21.49
5/4/2011,,,,21.82
5/5/2011,,,,22.1
5/6/2011,,,,22.04
5/9/2011,,,,21.59
5/10/2011,,,,21.05
5/11/2011,,,,21.49
5/12/2011,,,,21.07
5/13/2011,,,,21.44
5/16/2011,,,,21.94
5/17/2011,,,,21.73
5/18/2011,,,,21.11
5/19/2011,,,,20.84
5/20/2011,,,,21.43
5/23/2011,,,,22.02
5/24/2011,,,,21.75
5/25/2011,,,,21.57
5/26/2011,,,,20.92
5/27/2011,,,,20.63
5/31/2011,,,,20.01
6/1/2011,,,,21.41
6/2/2011,,,,21.29
6/3/2011,,,,21.59
6/6/2011,,,,21.81
6/7/2011,,,,21.6
6/8/2011,,,,21.86
6/9/2011,,,,21.34
6/10/2011,,,,25.1
6/13/2011,,,,22.08
6/14/2011,,,,21.44
6/15/2011,,,,22.91
6/16/2011,,,,24
6/17/2011,,,,23.82
6/20/2011,,,,23.07
6/21/2011,,,,22.46
6/22/2011,,,,22.66
6/23/2011,,,,22.82
6/24/2011,,,,23.62
6/27/2011,,,,23.28
6/28/2011,,,,22.7
6/29/2011,,,,21.85
6/30/2011,,,,20.97
7/1/2011,,,,20.43
7/5/2011,,,,20.57
7/6/2011,,,,20.62
7/7/2011,,,,20.12
7/8/2011,,,,20.35
7/11/2011,,,,21.86
7/12/2011,,,,22.45
7/13/2011,,,,22.47
7/14/2011,,,,23.03
7/15/2011,,,,22.72
7/18/2011,,,,23.33
7/19/2011,,,,22.43
7/20/2011,,,,22.34
7/21/2011,,,,21.39
7/22/2011,,,,21.57
7/25/2011,,,,22.06
7/26/2011,,,,22.35
7/27/2011,,,,23.55
7/28/2011,,,,23.62
7/29/2011,,,,23.63
8/1/2011,,,,23.03
8/2/2011,,,,24.01
8/3/2011,,,,23.85
8/4/2011,,,,27.88
8/5/2011,,,,28.81
8/8/2011,,,,35
8/9/2011,,,,29.97
8/10/2011,,,,33.9
8/11/2011,,,,32.13
8/12/2011,,,,31.19
8/15/2011,,,,29.58
8/16/2011,,,,29.82
8/17/2011,,,,29.53
8/18/2011,,,,33.23
8/19/2011,,,,35.13
8/22/2011,,,,35.19
8/23/2011,,,,33.21
8/24/2011,,,,33.35
8/25/2011,,,,34.67
8/26/2011,,,,33.25
8/29/2011,,,,31.76
8/30/2011,,,,32.16
8/31/2011,,,,31.59
9/1/2011,,,,31.88
9/2/2011,,,,32.99
9/6/2011,,,,34.23
9/7/2011,,,,32.14
9/8/2011,,,,33.14
9/9/2011,,,,35.32
9/12/2011,,,,35.77
9/13/2011,,,,35.32
9/14/2011,,,,34.02
9/15/2011,,,,33.44
9/16/2011,,,,33.02
9/19/2011,,,,33.78
9/20/2011,,,,33.57
9/21/2011,,,,35.63
9/22/2011,,,,37.61
9/23/2011,,,,37.92
9/26/2011,,,,37.08
9/27/2011,,,,36.54
9/28/2011,,,,38.21
9/29/2011,,,,37.2
9/30/2011,,,,39.23
10/3/2011,,,,41.36
10/4/2011,,,,39.13
10/5/2011,,,,37.86
10/6/2011,,,,36.91
10/7/2011,,,,37.25
10/10/2011,,,,35.17
10/11/2011,,,,34.81
10/12/2011,,,,33.39
10/13/2011,,,,33.29
10/14/2011,,,,31.67
10/17/2011,,,,33.81
10/18/2011,,,,32.87
10/19/2011,,,,34.57
10/20/2011,,,,34.51
10/21/2011,,,,32.98
10/24/2011,,,,31.8
10/25/2011,,,,33.12
10/26/2011,,,,31.82
10/27/2011,,,,28.76
10/28/2011,,,,28.31
10/31/2011,,,,30.99
11/1/2011,,,,34.5
11/2/2011,,,,33.64
11/3/2011,,,,32.45
11/4/2011,,,,32.46
11/7/2011,,,,32.33
11/8/2011,,,,31.17
11/9/2011,,,,35.55
11/10/2011,,,,34.7
11/11/2011,,,,33.31
11/14/2011,,,,33.88
11/15/2011,,,,33.79
11/16/2011,,,,35.14
11/17/2011,,,,36.14
11/18/2011,,,,35.55
11/21/2011,,,,36.17
11/22/2011,,,,35.69
11/23/2011,,,,37.05
11/25/2011,,,,37.83
11/28/2011,,,,35.1
11/29/2011,,,,34.64
11/30/2011,,,,31.94
12/1/2011,,,,31.92
12/2/2011,,,,31.53
12/5/2011,,,,31.41
12/6/2011,,,,31.6
12/7/2011,,,,31.96
12/8/2011,,,,33.23
12/9/2011,,,,31.25
12/12/2011,,,,31.55
12/13/2011,,,,31.85
12/14/2011,,,,31.95
12/15/2011,,,,31.37
12/16/2011,,,,31.92
12/19/2011,,,,31.49
12/20/2011,,,,29.52
12/21/2011,,,,28.56
12/22/2011,,,,28.06
12/23/2011,,,,27.96
12/27/2011,,,,28.09
12/28/2011,,,,29.02
12/29/2011,,,,28.52
12/30/2011,,,,28.34
1/3/2012,,,,28.26
1/4/2012,,,,27.67
1/5/2012,,,,27.2
1/6/2012,,,,26.73
1/9/2012,,,,26.57
1/10/2012,,,,26.1
1/11/2012,,,,26.45
1/12/2012,,,,26.44
1/13/2012,,,,26.98
1/17/2012,,,,27.51
1/18/2012,,,,26.57
1/19/2012,,,,26.02
1/20/2012,,,,25.42
1/23/2012,,,,25.07
1/24/2012,,,,24.85
1/25/2012,,,,24.06
1/26/2012,,,,24.25
1/27/2012,,,,24.13
1/30/2012,,,,24.49
1/31/2012,,,,24.6
2/1/2012,,,,24.37
2/2/2012,,,,23.89
2/3/2012,,,,23
2/6/2012,,,,23.11
2/7/2012,,,,22.85
2/8/2012,,,,23.14
2/9/2012,,,,23.77
2/10/2012,,,,25.17
2/13/2012,,,,24.47
2/14/2012,,,,25.22
2/15/2012,,,,26.17
2/16/2012,,,,25.33
2/17/2012,,,,24.92
2/21/2012,,,,25.14
2/22/2012,,,,25.01
2/23/2012,,,,24.02
2/24/2012,,,,24.3
2/27/2012,,,,24.66
2/28/2012,,,,24.53
2/29/2012,,,,24.43
3/1/2012,,,,23.92
3/2/2012,,,,24.12
3/5/2012,,,,24.62
3/6/2012,,,,26.16
3/7/2012,,,,25.37
3/8/2012,,,,24.62
3/9/2012,,,,24.04
3/12/2012,,,,23.71
3/13/2012,,,,22.6
3/14/2012,,,,23.38
3/15/2012,,,,23.08
3/16/2012,,,,22.85
3/19/2012,,,,22.46
3/20/2012,,,,22.49
3/21/2012,,,,21.83
3/22/2012,,,,22.02
3/23/2012,,,,21.49
3/26/2012,,,,20.33
3/27/2012,,,,21.06
3/28/2012,,,,21.24
3/29/2012,,,,21.37
3/30/2012,,,,21
4/2/2012,,,,21.05
4/3/2012,,,,21.28
4/4/2012,,,,21.9
4/5/2012,,,,22.18
4/9/2012,,,,23.22
4/10/2012,,,,24.75
4/11/2012,,,,24.62
4/12/2012,,,,23.02
4/13/2012,,,,24.25
4/16/2012,,,,24.25
4/17/2012,,,,23.23
4/18/2012,,,,23.46
4/19/2012,,,,23.61
4/20/2012,,,,23.09
4/23/2012,,,,23.77
4/24/2012,,,,23.22
4/25/2012,,,,22.15
4/26/2012,,,,21.55
4/27/2012,,,,21.58
4/30/2012,,,,21.7
5/1/2012,,,,21.68
5/2/2012,,,,21.61
5/3/2012,,,,22
5/4/2012,,,,22.94
5/7/2012,,,,22.85
5/8/2012,,,,23.14
5/9/2012,,,,23.79
5/10/2012,,,,23.23
5/11/2012,,,,23.75
5/14/2012,,,,24.95
5/15/2012,,,,25.74
5/16/2012,,,,26.42
5/17/2012,,,,27.73
5/18/2012,,,,28.64
5/21/2012,,,,27.49
5/22/2012,,,,27.33
5/23/2012,,,,27.47
5/24/2012,,,,27.71
5/25/2012,,,,27.14
5/29/2012,,,,26.13
5/30/2012,,,,27.71
5/31/2012,,,,27.74
6/1/2012,,,,30.21
6/4/2012,,,,29.36
6/5/2012,,,,28.57
6/6/2012,,,,26.87
6/7/2012,,,,26.72
6/8/2012,,,,26.26
6/11/2012,,,,27.5
6/12/2012,,,,27.22
6/13/2012,,,,28.27
6/14/2012,,,,26.97
6/15/2012,,,,26.02
6/18/2012,,,,25.01
6/19/2012,,,,24.44
6/20/2012,,,,23.97
6/21/2012,,,,25.53
6/22/2012,,,,24.34
6/25/2012,,,,25.42
6/26/2012,,,,25.1
6/27/2012,,,,24.75
6/28/2012,,,,24.66
6/29/2012,,,,22.87
7/2/2012,,,,22.53
7/3/2012,,,,22.35
7/5/2012,,,,22.89
7/6/2012,,,,22.9
7/9/2012,,,,23.05
7/10/2012,,,,23.4
7/11/2012,,,,22.94
7/12/2012,,,,23.15
7/13/2012,,,,22.22
7/16/2012,,,,22.41
7/17/2012,,,,21.81
7/18/2012,,,,21.71
7/19/2012,,,,21.55
7/20/2012,,,,22.39
7/23/2012,,,,23.63
7/24/2012,,,,24.48
7/25/2012,,,,24.32
7/26/2012,,,,23.11
7/27/2012,,,,22.45
7/30/2012,,,,22.81
7/31/2012,,,,23.27
8/1/2012,,,,23.12
8/2/2012,,,,22.97
8/3/2012,,,,21.79
8/6/2012,,,,21.93
8/7/2012,,,,21.84
8/8/2012,,,,21.63
8/9/2012,,,,21.37
8/10/2012,,,,21.2
8/13/2012,,,,21.27
8/14/2012,,,,21.67
8/15/2012,,,,21.82
8/16/2012,,,,21.73
8/17/2012,,,,21.54
8/20/2012,,,,21.67
8/21/2012,,,,22.12
8/22/2012,,,,22.42
8/23/2012,,,,22.91
8/24/2012,,,,22.21
8/27/2012,,,,22.68
8/28/2012,,,,22.73
8/29/2012,,,,23.15
8/30/2012,,,,23.5
8/31/2012,,,,23.27
9/4/2012,,,,23.3
9/5/2012,,,,22.62
9/6/2012,,,,21.72
9/7/2012,,,,20.99
9/10/2012,,,,21.39
9/11/2012,,,,21.23
9/12/2012,,,,20.66
9/13/2012,,,,19.63
9/14/2012,,,,19.81
9/17/2012,,,,20
9/18/2012,,,,19.68
9/19/2012,,,,19.52
9/20/2012,,,,19.75
9/21/2012,,,,19.83
9/24/2012,,,,19.76
9/25/2012,,,,20.46
9/26/2012,,,,21.13
9/27/2012,,,,20.1
9/28/2012,,,,20.37
10/1/2012,,,,20.58
10/2/2012,,,,20.51
10/3/2012,,,,20.37
10/4/2012,,,,20.02
10/5/2012,,,,19.66
10/8/2012,,,,20
10/9/2012,,,,20.48
10/10/2012,,,,20.46
10/11/2012,,,,20.1
10/12/2012,,,,20.1
10/15/2012,,,,19.62
10/16/2012,,,,19.37
10/17/2012,,,,19.19
10/18/2012,,,,19.16
10/19/2012,,,,20.32
10/22/2012,,,,20.15
10/23/2012,,,,21.34
10/24/2012,,,,21.27
10/25/2012,,,,21.06
10/26/2012,,,,21.01
10/31/2012,,,,20.73
11/1/2012,,,,20.03
11/2/2012,,,,20.51
11/5/2012,,,,20.83
11/6/2012,,,,20.26
11/7/2012,,,,21.52
11/8/2012,,,,21.63
11/9/2012,,,,21.78
11/12/2012,,,,21.14
11/13/2012,,,,21.04
11/14/2012,,,,21.75
11/15/2012,,,,21.73
11/16/2012,,,,21.11
11/19/2012,,,,19.91
11/20/2012,,,,19.58
11/21/2012,,,,19.64
11/23/2012,,,,19.35
11/26/2012,,,,19.46
11/27/2012,,,,19.72
11/28/2012,,,,19.41
11/29/2012,,,,19.15
11/30/2012,,,,19.33
12/3/2012,,,,19.89
12/4/2012,,,,19.97
12/5/2012,,,,19.63
12/6/2012,,,,19.43
12/7/2012,,,,19.1
12/10/2012,,,,19.15
12/11/2012,,,,18.97
12/12/2012,,,,19.25
12/13/2012,,,,19.52
12/14/2012,,,,19.66
12/17/2012,,,,19.11
12/18/2012,,,,18.44
12/19/2012,,,,19.06
12/20/2012,,,,19.23
12/21/2012,,,,19.95
12/24/2012,,,,20.32
12/26/2012,,,,20.87
12/27/2012,,,,20.89
12/28/2012,,,,22.4
12/31/2012,,,,20.25
1/2/2013,,,,18.63
1/3/2013,,,,18.49
1/4/2013,,,,18.17
1/7/2013,,,,18.25
1/8/2013,,,,18.25
1/9/2013,,,,18.36
1/10/2013,,,,17.97
1/11/2013,,,,17.89
1/14/2013,,,,18.05
1/15/2013,,,,18.02
1/16/2013,,,,17.96
1/17/2013,,,,17.76
1/18/2013,,,,17.21
1/22/2013,,,,16.6
1/23/2013,,,,16.27
1/24/2013,,,,16.46
1/25/2013,,,,16.35
1/28/2013,,,,16.5
1/29/2013,,,,16.27
1/30/2013,,,,16.84
1/31/2013,,,,17.25
2/1/2013,,,,16.5
2/4/2013,,,,17.23
2/5/2013,,,,16.81
2/6/2013,,,,16.77
2/7/2013,,,,16.83
2/8/2013,,,,16.45
2/11/2013,,,,16.39
2/12/2013,,,,16.18
2/13/2013,,,,16.35
2/14/2013,,,,16.16
2/15/2013,,,,16.12
2/19/2013,,,,15.83
2/20/2013,,,,16.82
2/21/2013,,,,17.05
2/22/2013,,,,16.53
2/25/2013,,,,18.61
2/26/2013,,,,18.16
2/27/2013,,,,17.03
2/28/2013,,,,17.4
3/1/2013,,,,17.51
3/4/2013,,,,16.92
3/5/2013,,,,16.54
3/6/2013,,,,16.54
3/7/2013,,,,16.38
3/8/2013,,,,16.2
3/11/2013,,,,15.94
3/12/2013,,,,16.12
3/13/2013,,,,16.21
3/14/2013,,,,15.81
3/15/2013,,,,16.1
3/18/2013,,,,16.91
3/19/2013,,,,17.2
3/20/2013,,,,16.62
3/21/2013,,,,17.12
3/22/2013,,,,16.96
3/25/2013,,,,17.01
3/26/2013,,,,16.59
3/27/2013,,,,16.76
3/28/2013,,,,16.61
4/1/2013,,,,17.03
4/2/2013,,,,16.59
4/3/2013,,,,17.14
4/4/2013,,,,17
4/5/2013,,,,17.18
4/8/2013,,,,16.69
4/9/2013,,,,16.5
4/10/2013,,,,16.14
4/11/2013,,,,16.17
4/12/2013,,,,16.15
4/15/2013,,,,18.43
4/16/2013,,,,16.72
4/17/2013,,,,18.16
4/18/2013,,,,18.65
4/19/2013,,,,17.92
4/22/2013,,,,17.4
4/23/2013,,,,16.66
4/24/2013,,,,16.71
4/25/2013,,,,16.58
4/26/2013,,,,16.54
4/29/2013,,,,16.57
4/30/2013,,,,16.48
5/1/2013,,,,16.95
5/2/2013,,,,16.55
5/3/2013,,,,16.22
5/6/2013,,,,16.04
5/7/2013,,,,16.12
5/8/2013,,,,16.12
5/9/2013,,,,16.52
5/10/2013,,,,16.55
5/13/2013,,,,16.86
5/14/2013,,,,16.75
5/15/2013,,,,16.93
5/16/2013,,,,17.22
5/17/2013,,,,17.03
5/20/2013,,,,17.14
5/21/2013,,,,17.51
5/22/2013,,,,17.52
5/23/2013,,,,17.72
5/24/2013,,,,17.62
5/28/2013,,,,17.51
5/29/2013,,,,17.71
5/30/2013,,,,17.61
5/31/2013,,,,18.41
6/3/2013,,,,18.45
6/4/2013,,,,18.58
6/5/2013,,,,19.12
6/6/2013,,,,18.8
6/7/2013,,,,18.27
6/10/2013,,,,18.16
6/11/2013,,,,19.12
6/12/2013,,,,19.97
6/13/2013,,,,19.15
6/14/2013,,,,19.46
6/17/2013,,,,19.2
6/18/2013,,,,18.94
6/19/2013,,,,19.02
6/20/2013,,,,20.68
6/21/2013,,,,20.21
6/24/2013,,,,21.32
6/25/2013,,,,20.71
6/26/2013,,,,20.11
6/27/2013,,,,19.98
6/28/2013,,,,19.79
7/1/2013,,,,19.39
7/2/2013,,,,19.39
7/3/2013,,,,19.18
7/5/2013,,,,18.48
7/8/2013,,,,18.04
7/9/2013,,,,17.55
7/10/2013,,,,17.48
7/11/2013,,,,17.29
7/12/2013,,,,17.36
7/15/2013,,,,17.26
7/16/2013,,,,17.58
7/17/2013,,,,17.25
7/18/2013,,,,17.25
7/19/2013,,,,17.09
7/22/2013,,,,16.82
7/23/2013,,,,16.93
7/24/2013,,,,17.23
7/25/2013,,,,17.03
7/26/2013,,,,16.87
7/29/2013,,,,17.21
7/30/2013,,,,17.01
7/31/2013,,,,16.81
8/1/2013,,,,16.4
8/2/2013,,,,16.03
8/5/2013,,,,15.9
8/6/2013,,,,16.45
8/7/2013,,,,16.71
8/8/2013,,,,16.49
8/9/2013,,,,16.75
8/12/2013,,,,16.87
8/13/2013,,,,16.63
8/14/2013,,,,16.94
8/15/2013,,,,17.59
8/16/2013,,,,17.38
8/19/2013,,,,17.68
8/20/2013,,,,17.55
8/21/2013,,,,17.91
8/22/2013,,,,17.35
8/23/2013,,,,17.06
8/26/2013,,,,17.5
8/27/2013,,,,18.69
8/28/2013,,,,18.76
8/29/2013,,,,18.96
8/30/2013,,,,19.18
9/3/2013,,,,18.75
9/4/2013,,,,18.41
9/5/2013,,,,18.38
9/6/2013,,,,18.34
9/9/2013,,,,17.95
9/10/2013,,,,17.42
9/11/2013,,,,16.97
9/12/2013,,,,17.18
9/13/2013,,,,17.13
9/16/2013,,,,16.99
9/17/2013,,,,17.01
9/18/2013,,,,16.62
9/19/2013,,,,16.6
9/20/2013,,,,17.04
9/23/2013,,,,17.28
9/24/2013,,,,17.14
9/25/2013,,,,17.02
9/26/2013,,,,16.9
9/27/2013,,,,17.3
9/30/2013,,,,18.09
10/1/2013,,,,17.37
10/2/2013,,,,17.79
10/3/2013,,,,18.45
10/4/2013,,,,18.08
10/7/2013,,,,19.67
10/8/2013,,,,20.15
10/9/2013,,,,19.97
10/10/2013,,,,18.23
10/11/2013,,,,17.8
10/14/2013,,,,17.9
10/15/2013,,,,19.14
10/16/2013,,,,17.71
10/17/2013,,,,16.91
10/18/2013,,,,16.37
10/21/2013,,,,16.54
10/22/2013,,,,16.61
10/23/2013,,,,16.71
10/24/2013,,,,16.53
10/25/2013,,,,16.5
10/28/2013,,,,16.61
10/29/2013,,,,16.74
10/30/2013,,,,16.83
10/31/2013,,,,16.87
11/1/2013,,,,16.96
11/4/2013,,,,16.76
11/5/2013,,,,16.94
11/6/2013,,,,16.77
11/7/2013,,,,17.27
11/8/2013,,,,16.71
11/11/2013,,,,16.8
11/12/2013,,,,16.97
11/13/2013,,,,17.02
11/14/2013,,,,17.01
11/15/2013,,,,16.91
11/18/2013,,,,17.08
11/19/2013,,,,17.38
11/20/2013,,,,17.21
11/21/2013,,,,16.77
11/22/2013,,,,16.42
11/25/2013,,,,16.62
11/26/2013,,,,16.68
11/27/2013, 16.71, 16.73, 16.56, 16.65
11/29/2013, 16.72, 16.86, 16.61, 16.86
12/02/2013, 17.01, 17.10, 16.89, 17.05
12/03/2013, 17.34, 17.55, 17.23, 17.27
12/04/2013, 17.50, 17.75, 17.07, 17.30
12/05/2013, 17.39, 17.43, 17.14, 17.32
12/06/2013, 16.76, 17.00, 16.54, 16.61
12/09/2013, 16.67, 16.72, 16.58, 16.58
12/10/2013, 16.68, 16.85, 16.60, 16.75
12/11/2013, 16.80, 17.42, 16.80, 17.31
12/12/2013, 17.41, 17.56, 17.18, 17.36
12/13/2013, 17.26, 17.52, 17.22, 17.51
12/16/2013, 17.33, 17.94, 17.14, 17.68
12/17/2013, 17.68, 17.97, 17.57, 17.70
12/18/2013, 17.43, 18.07, 16.61, 16.67
12/19/2013, 16.72, 16.92, 16.53, 16.88
12/20/2013, 16.68, 16.72, 16.50, 16.63
12/23/2013, 16.47, 16.52, 16.35, 16.37
12/24/2013, 16.27, 16.27, 16.12, 16.12
12/26/2013, 16.05, 16.05, 15.83, 16.03
12/27/2013, 15.92, 16.09, 15.91, 16.05
12/30/2013, 16.11, 16.46, 16.08, 16.46
12/31/2013, 16.37, 16.70, 16.31, 16.31
01/02/2014, 16.70, 16.85, 16.63, 16.74
01/03/2014, 16.71, 16.77, 16.55, 16.68
01/06/2014, 16.41, 16.63, 16.36, 16.46
01/07/2014, 15.95, 16.34, 15.89, 15.98
01/08/2014, 16.00, 16.29, 15.91, 15.94
01/09/2014, 16.06, 16.26, 16.05, 16.12
01/10/2014, 15.80, 16.09, 15.70, 15.70
01/13/2014, 15.92, 16.66, 15.82, 16.42
01/14/2014, 16.30, 16.32, 15.99, 16.14
01/15/2014, 16.02, 16.18, 16.00, 16.10
01/16/2014, 16.17, 16.46, 16.15, 16.35
01/17/2014, 16.32, 16.61, 16.19, 16.34
01/21/2014, 16.20, 16.53, 16.19, 16.22
01/22/2014, 16.19, 16.23, 16.08, 16.14
01/23/2014, 16.46, 16.81, 16.31, 16.37
01/24/2014, 16.83, 18.18, 16.83, 18.18
01/27/2014, 17.75, 18.57, 17.67, 18.00
01/28/2014, 18.00, 18.01, 17.28, 17.28
01/29/2014, 18.15, 18.20, 17.64, 18.00
01/30/2014, 17.63, 18.04, 17.39, 18.03
01/31/2014, 18.77, 18.80, 18.13, 18.63
02/03/2014, 18.71, 20.16, 18.64, 20.14
02/04/2014, 19.61, 19.64, 19.10, 19.53
02/05/2014, 19.71, 20.15, 19.49, 20.04
02/06/2014, 19.60, 19.60, 18.68, 18.69
02/07/2014, 18.06, 18.21, 17.50, 17.55
02/10/2014, 17.68, 17.74, 17.42, 17.44
02/11/2014, 17.46, 17.46, 16.84, 17.02
02/12/2014, 16.91, 17.13, 16.75, 16.95
02/13/2014, 17.38, 17.41, 16.79, 16.85
02/14/2014, 16.88, 16.93, 16.47, 16.55
02/18/2014, 16.58, 16.78, 16.47, 16.54
02/19/2014, 16.72, 17.24, 16.48, 17.24
02/20/2014, 17.04, 17.22, 16.74, 16.84
02/21/2014, 16.70, 16.74, 16.36, 16.73
02/24/2014, 16.70, 16.70, 16.26, 16.59
02/25/2014, 16.53, 16.87, 16.42, 16.64
02/26/2014, 16.55, 16.98, 16.45, 16.97
02/27/2014, 16.92, 17.01, 16.64, 16.72
02/28/2014, 16.71, 17.13, 16.38, 16.86
03/03/2014, 17.75, 18.01, 17.36, 17.63
03/04/2014, 16.89, 17.05, 16.71, 16.82
03/05/2014, 16.82, 17.06, 16.71, 16.93
03/06/2014, 16.73, 17.19, 16.66, 16.99
03/07/2014, 16.74, 17.26, 16.74, 17.08
03/10/2014, 17.22, 17.88, 17.05, 17.05
03/11/2014, 17.00, 17.45, 16.88, 17.35
03/12/2014, 17.62, 17.73, 17.13, 17.19
03/13/2014, 17.04, 18.15, 17.03, 18.06
03/14/2014, 18.10, 18.84, 17.70, 18.60
03/17/2014, 18.04, 18.04, 17.43, 17.64
03/18/2014, 17.46, 17.54, 17.08, 17.28
03/19/2014, 17.23, 17.92, 16.94, 17.55
03/20/2014, 17.54, 17.58, 17.00, 17.00
03/21/2014, 16.73, 17.52, 16.68, 17.28
03/24/2014, 17.02, 17.70, 16.96, 17.27
03/25/2014, 16.89, 17.25, 16.84, 16.93
03/26/2014, 16.67, 17.41, 16.58, 17.35
03/27/2014, 17.33, 17.58, 17.05, 17.22
03/28/2014, 16.96, 17.16, 16.67, 16.89
03/31/2014, 16.60, 16.81, 16.42, 16.57
04/01/2014, 16.32, 16.37, 16.07, 16.07
04/02/2014, 16.04, 16.25, 16.00, 16.11
04/03/2014, 16.02, 16.37, 16.01, 16.13
04/04/2014, 15.92, 16.72, 15.87, 16.50
04/07/2014, 16.88, 17.36, 16.67, 17.18
04/08/2014, 17.21, 17.62, 16.80, 16.90
04/09/2014, 16.68, 17.10, 16.29, 16.36
04/10/2014, 16.48, 17.52, 16.24, 17.27
04/11/2014, 17.63, 18.33, 17.22, 17.69
04/14/2014, 17.30, 17.99, 17.30, 17.47
04/15/2014, 17.44, 18.15, 17.21, 17.22
04/16/2014, 16.99, 17.18, 16.77, 16.83
04/17/2014, 16.75, 16.81, 16.44, 16.62
04/21/2014, 16.76, 16.79, 16.37, 16.44
04/22/2014, 16.38, 16.39, 16.18, 16.29
04/23/2014, 16.37, 16.51, 16.33, 16.36
04/24/2014, 16.30, 16.60, 15.98, 16.32
04/25/2014, 16.59, 16.91, 16.57, 16.64
04/28/2014, 16.61, 17.11, 16.42, 16.45
04/29/2014, 16.33, 16.50, 16.22, 16.31
04/30/2014, 16.37, 16.42, 16.09, 16.17
05/01/2014, 16.23, 16.35, 16.00, 16.20
05/02/2014, 16.19, 16.48, 16.05, 16.38
05/05/2014, 16.73, 16.83, 16.29, 16.41
05/06/2014, 16.51, 16.65, 16.40, 16.62
05/07/2014, 16.46, 16.83, 16.22, 16.25
05/08/2014, 16.37, 16.38, 15.94, 16.16
05/09/2014, 16.20, 16.44, 15.93, 15.99
05/12/2014, 15.88, 15.88, 15.60, 15.64
05/13/2014, 15.59, 15.80, 15.56, 15.72
05/14/2014, 15.81, 16.05, 15.74, 15.93
05/15/2014, 16.19, 16.67, 16.17, 16.35
05/16/2014, 16.32, 16.45, 15.85, 15.93
05/19/2014, 16.12, 16.13, 15.69, 15.75
05/20/2014, 15.78, 16.06, 15.70, 15.83
05/21/2014, 15.61, 15.65, 15.42, 15.49
05/22/2014, 15.52, 15.59, 15.35, 15.54
05/23/2014, 15.55, 15.59, 15.41, 15.48
05/27/2014, 15.42, 15.55, 15.39, 15.44
05/28/2014, 15.53, 15.70, 15.48, 15.61
05/29/2014, 15.65, 15.85, 15.44, 15.65
05/30/2014, 15.70, 15.88, 15.62, 15.73
06/02/2014, 15.84, 16.01, 15.67, 15.79
06/03/2014, 15.98, 16.00, 15.67, 15.67
06/04/2014, 15.82, 15.85, 15.56, 15.59
06/05/2014, 15.58, 15.58, 15.18, 15.32
06/06/2014, 15.06, 15.08, 14.76, 14.76
06/09/2014, 14.96, 15.07, 14.81, 14.87
06/10/2014, 15.10, 15.12, 14.90, 14.97
06/11/2014, 15.19, 15.48, 15.06, 15.23
06/12/2014, 15.33, 15.98, 15.33, 15.75
06/13/2014, 15.71, 16.17, 15.50, 15.61
06/16/2014, 15.75, 15.81, 15.53, 15.74
06/17/2014, 15.76, 15.85, 15.45, 15.54
06/18/2014, 15.38, 15.59, 14.83, 14.83
06/19/2014, 14.86, 14.87, 14.70, 14.70
06/20/2014, 14.65, 14.86, 14.63, 14.82
06/23/2014, 14.96, 15.09, 14.88, 14.90
06/24/2014, 14.99, 15.25, 14.74, 15.19
06/25/2014, 15.31, 15.37, 14.90, 14.92
06/26/2014, 14.89, 15.28, 14.84, 14.90
06/27/2014, 14.93, 14.96, 14.67, 14.78
06/30/2014, 14.79, 14.83, 14.64, 14.74
07/01/2014, 14.63, 14.63, 14.34, 14.51
07/02/2014, 14.44, 14.44, 14.11, 14.25
07/03/2014, 14.05, 14.16, 13.94, 14.04
07/07/2014, 14.27, 14.50, 14.27, 14.50
07/08/2014, 14.67, 15.04, 14.67, 14.80
07/09/2014, 14.76, 14.80, 14.50, 14.63
07/10/2014, 15.32, 15.33, 14.78, 15.14
07/11/2014, 15.08, 15.13, 14.81, 14.83
07/14/2014, 14.61, 14.63, 14.45, 14.51
07/15/2014, 14.46, 14.87, 14.44, 14.67
07/16/2014, 14.35, 14.54, 14.28, 14.37
07/17/2014, 14.55, 15.90, 14.36, 15.53
07/18/2014, 15.11, 15.11, 14.60, 14.72
07/21/2014, 14.94, 15.25, 14.91, 15.00
07/22/2014, 14.63, 14.78, 14.50, 14.78
07/23/2014, 14.58, 15.05, 14.55, 14.82
07/24/2014, 14.79, 15.32, 14.79, 14.97
07/25/2014, 15.11, 15.50, 15.11, 15.38
07/28/2014, 15.45, 15.73, 15.33, 15.34
07/29/2014, 15.28, 15.64, 15.17, 15.64
07/30/2014, 15.39, 15.81, 15.34, 15.57
07/31/2014, 16.04, 17.18, 15.97, 17.10
08/01/2014, 17.16, 17.58, 16.62, 17.50
08/04/2014, 17.47, 17.50, 16.73, 16.88
08/05/2014, 17.19, 18.15, 17.11, 18.01
08/06/2014, 18.17, 18.41, 17.40, 17.92
08/07/2014, 17.66, 18.49, 17.54, 18.13
08/08/2014, 18.06, 18.56, 17.56, 17.66
08/11/2014, 17.43, 17.48, 16.96, 17.12
08/12/2014, 17.15, 17.50, 16.91, 17.15
08/13/2014, 16.82, 17.07, 16.46, 16.53
08/14/2014, 16.33, 16.39, 16.08, 16.11
08/15/2014, 15.88, 16.96, 15.83, 16.22
08/18/2014, 15.89, 15.92, 15.64, 15.64
08/19/2014, 15.52, 15.64, 15.50, 15.61
08/20/2014, 15.71, 15.82, 15.52, 15.59
08/21/2014, 15.56, 15.63, 15.27, 15.50
08/22/2014, 15.52, 15.73, 15.26, 15.49
08/25/2014, 15.31, 15.46, 15.16, 15.33
08/26/2014, 15.51, 15.63, 15.33, 15.61
08/27/2014, 15.61, 15.78, 15.59, 15.68
08/28/2014, 16.06, 16.14, 15.83, 15.91
08/29/2014, 15.94, 16.19, 15.93, 15.99
09/02/2014, 16.13, 16.32, 16.10, 16.12
09/03/2014, 16.02, 16.29, 15.93, 16.08
09/04/2014, 16.18, 16.40, 15.79, 16.16
09/05/2014, 16.23, 16.43, 15.87, 15.88
09/08/2014, 16.21, 16.37, 16.13, 16.18
09/09/2014, 16.27, 16.54, 16.10, 16.35
09/10/2014, 16.47, 16.81, 16.27, 16.28
09/11/2014, 16.67, 16.67, 16.25, 16.26
09/12/2014, 16.42, 16.76, 16.41, 16.52
09/15/2014, 16.76, 17.02, 16.75, 16.88
09/16/2014, 17.19, 17.20, 16.35, 16.35
09/17/2014, 16.36, 16.62, 15.86, 16.18
09/18/2014, 16.22, 16.22, 15.98, 15.98
09/19/2014, 15.95, 16.24, 15.86, 16.08
09/22/2014, 16.46, 16.91, 16.42, 16.88
09/23/2014, 17.19, 17.32, 16.76, 17.31
09/24/2014, 17.24, 17.31, 16.74, 16.74
09/25/2014, 17.02, 17.97, 16.99, 17.70
09/26/2014, 17.74, 17.78, 17.14, 17.45
09/29/2014, 18.26, 18.29, 17.66, 18.01
09/30/2014, 17.93, 18.31, 17.83, 18.30
10/01/2014, 18.30, 19.03, 18.27, 18.72
10/02/2014, 18.77, 19.28, 18.31, 18.44
10/03/2014, 18.05, 18.18, 17.57, 17.64
10/06/2014, 17.46, 18.02, 17.38, 17.90
10/07/2014, 18.26, 18.89, 18.15, 18.73
10/08/2014, 18.81, 19.05, 17.73, 17.74
10/09/2014, 18.00, 19.33, 17.84, 19.11
10/10/2014, 19.17, 20.95, 18.88, 20.56
10/13/2014, 20.53, 22.70, 20.26, 22.32
10/14/2014, 21.81, 22.38, 20.87, 21.66
10/15/2014, 23.19, 25.33, 16.38, 23.53
10/16/2014, 24.94, 24.94, 21.76, 22.96
10/17/2014, 21.60, 21.91, 20.94, 21.62
10/20/2014, 21.83, 21.87, 20.60, 20.60
10/21/2014, 20.18, 20.20, 19.28, 19.28
10/22/2014, 19.14, 20.32, 19.14, 20.13
10/23/2014, 19.37, 19.62, 19.14, 19.45
10/24/2014, 19.42, 19.95, 19.18, 19.19
10/27/2014, 19.58, 19.83, 19.15, 19.17
10/28/2014, 18.91, 18.92, 18.23, 18.23
10/29/2014, 18.29, 18.98, 17.83, 18.63
10/30/2014, 18.72, 18.84, 18.20, 18.43
10/31/2014, 17.92, 18.31, 17.88, 18.16
11/03/2014, 18.12, 18.58, 17.92, 18.33
11/04/2014, 18.45, 18.87, 18.35, 18.60
11/05/2014, 18.25, 18.69, 18.25, 18.35
11/06/2014, 18.32, 18.63, 18.00, 18.12
11/07/2014, 18.02, 18.15, 17.68, 17.79
11/10/2014, 17.79, 17.79, 17.29, 17.36
11/11/2014, 17.26, 17.46, 17.25, 17.27
11/12/2014, 17.68, 17.70, 17.47, 17.49
11/13/2014, 17.69, 18.02, 17.48, 17.77
11/14/2014, 17.79, 18.04, 17.68, 17.73
